log_id,block_id,log_date,avg_temp_c,humidity_pct,light_hours
1,1,2023-01-01,26.6,74.6,12.6
2,1,2023-01-02,27.8,74.3,11.8
3,1,2023-01-03,27.9,77.3,11.5
4,1,2023-01-04,26.7,73.6,11.5
5,1,2023-01-05,26.3,69.3,10.3
6,1,2023-01-06,25.3,72,12.3
7,1,2023-01-07,24.9,70.8,13.5
8,1,2023-01-08,25.7,75.2,10.6
9,1,2023-01-09,25.3,75.3,10.8
10,1,2023-01-10,26.5,73.2,11.7
11,1,2023-01-11,25.3,80.6,12
12,1,2023-01-12,24.7,77.5,10.8
13,1,2023-01-13,26.3,69.1,10.7
14,1,2023-01-14,26.2,77.2,12.2
15,1,2023-01-15,25.9,74.1,10.5
16,1,2023-01-16,25.1,73.6,13.1
17,1,2023-01-17,26.4,69.7,12.3
18,1,2023-01-18,25.5,73,12.6
19,1,2023-01-19,27.2,77.8,11.2
20,1,2023-01-20,25.6,76,13
21,1,2023-01-21,25.4,74.4,10.9
22,1,2023-01-22,24.6,77.4,13.4
23,1,2023-01-23,25.9,78,12.4
24,1,2023-01-24,25.2,76.1,13.5
25,1,2023-01-25,26,79.7,9.4
26,1,2023-01-26,27,75.3,11.7
27,1,2023-01-27,26.1,69,11.8
28,1,2023-01-28,26.4,79.4,11.5
29,1,2023-01-29,25,73.5,12.9
30,1,2023-01-30,26.4,73.4,12.5
31,1,2023-01-31,26.1,77.9,11.3
32,1,2023-02-01,25.6,73.8,10.5
33,1,2023-02-02,26.4,75.8,12
34,1,2023-02-03,25.7,70.8,11.6
35,1,2023-02-04,25.6,72.6,11.8
36,1,2023-02-05,26.5,80.7,12.2
37,1,2023-02-06,26.3,74.8,10.1
38,1,2023-02-07,26,75.2,14.5
39,1,2023-02-08,25.8,75.9,12
40,1,2023-02-09,24.6,78.4,12.8
41,1,2023-02-10,26.9,72.3,13.4
42,1,2023-02-11,24.3,76.8,14.2
43,1,2023-02-12,24.8,73.3,12.1
44,1,2023-02-13,25.4,70.3,12.1
45,1,2023-02-14,24.7,76.4,11.1
46,1,2023-02-15,27.9,72.7,11.7
47,1,2023-02-16,27,71.3,12.2
48,1,2023-02-17,27.6,70.2,12.2
49,1,2023-02-18,26.3,77.3,10.8
50,1,2023-02-19,24.4,76.6,12.3
51,1,2023-02-20,26.3,76,11.3
52,1,2023-02-21,26.3,75.9,11.3
53,1,2023-02-22,28.2,76.4,10.8
54,1,2023-02-23,26.8,72.1,12.8
55,1,2023-02-24,27.4,72.5,13
56,1,2023-02-25,26.5,77.5,13.9
57,1,2023-02-26,25.7,72.7,11.1
58,1,2023-02-27,25,74.8,12.3
59,1,2023-02-28,26.3,77.5,12
60,1,2023-03-01,27.7,74.2,14.7
61,1,2023-03-02,26.8,72.4,10.9
62,1,2023-03-03,26.6,74.3,12.7
63,1,2023-03-04,26.6,74.8,11.2
64,1,2023-03-05,24.2,73.7,12.9
65,1,2023-03-06,26.3,71.3,12.2
66,1,2023-03-07,26.5,72.3,12.2
67,1,2023-03-08,26.1,71.6,12.4
68,1,2023-03-09,26.7,78.2,13.1
69,1,2023-03-10,24.3,72.2,12.5
70,1,2023-03-11,26.6,76.5,15.9
71,1,2023-03-12,26.7,78.4,13
72,1,2023-03-13,26.8,74.1,12.8
73,1,2023-03-14,25.1,74.3,11.5
74,1,2023-03-15,26.1,81.9,10.1
75,1,2023-03-16,26.8,70.2,11.5
76,1,2023-03-17,27.3,75.2,10.9
77,1,2023-03-18,25.1,77,11.3
78,1,2023-03-19,26.3,75.1,11.3
79,1,2023-03-20,28.6,76.9,10
80,1,2023-03-21,26.2,73,12.9
81,1,2023-03-22,25,74.7,12.5
82,1,2023-03-23,27,71.4,11.7
83,1,2023-03-24,25.4,73,13.8
84,1,2023-03-25,26.5,71.2,12.9
85,1,2023-03-26,28.5,78.1,10.5
86,1,2023-03-27,25.4,78.8,11.3
87,1,2023-03-28,26.5,77.3,11.1
88,1,2023-03-29,25.9,65.3,11
89,1,2023-03-30,25.7,71.3,13.6
90,1,2023-03-31,24.3,73.7,12.1
91,1,2023-04-01,27.7,70.7,13.2
92,1,2023-04-02,26,72.1,12.5
93,1,2023-04-03,26.2,73.2,12.1
94,1,2023-04-04,25.5,75.3,12.7
95,1,2023-04-05,27.9,71.3,14.1
96,1,2023-04-06,23.7,74.5,12.6
97,1,2023-04-07,26.3,73.1,11.8
98,1,2023-04-08,25.4,73.2,12.8
99,1,2023-04-09,26.4,72.9,12.9
100,1,2023-04-10,26.4,77.4,12.6
101,1,2023-04-11,25,73.3,12.7
102,1,2023-04-12,26.7,74.9,12.1
103,1,2023-04-13,27.5,73.2,12.5
104,1,2023-04-14,25.8,74.3,13.1
105,1,2023-04-15,27,77.4,13.3
106,1,2023-04-16,26,77,11.7
107,1,2023-04-17,26.4,74.6,12.1
108,1,2023-04-18,26.7,72.5,14.1
109,1,2023-04-19,24.8,71.4,13.2
110,1,2023-04-20,26.9,76.9,12.6
111,1,2023-04-21,26,72.3,12.1
112,1,2023-04-22,25.2,77.9,11.9
113,1,2023-04-23,25,74,12.4
114,1,2023-04-24,25.3,72.5,12.2
115,1,2023-04-25,26.3,73.5,11.5
116,1,2023-04-26,26.3,70.7,10.6
117,1,2023-04-27,25.1,74.4,12.3
118,1,2023-04-28,27.8,77.6,11.8
119,1,2023-04-29,26,72,12
120,1,2023-04-30,25.7,76,11.2
121,1,2023-05-01,26.6,79.6,11.9
122,1,2023-05-02,26.5,77.1,11.6
123,1,2023-05-03,26.3,75,12.1
124,1,2023-05-04,25.1,75.1,12.5
125,1,2023-05-05,27.7,77.9,14.2
126,1,2023-05-06,25.1,77.6,12.2
127,1,2023-05-07,28.6,72.6,11.2
128,1,2023-05-08,25.3,68.6,11.5
129,1,2023-05-09,25.1,75.5,12.3
130,1,2023-05-10,28.3,77.9,11.4
131,1,2023-05-11,24.9,76.5,10.7
132,1,2023-05-12,28.2,78.5,11.5
133,1,2023-05-13,23.9,79.1,11.9
134,1,2023-05-14,27.5,70.2,11.4
135,1,2023-05-15,26,75.1,11.5
136,1,2023-05-16,26.7,71.8,11.9
137,1,2023-05-17,26.1,76.5,12.7
138,1,2023-05-18,24.7,70.4,13.3
139,1,2023-05-19,26.4,72.8,13.6
140,1,2023-05-20,26.1,78.5,12.1
141,1,2023-05-21,28.5,80.3,11.8
142,1,2023-05-22,27.2,76.9,13.4
143,1,2023-05-23,24.8,77.1,13.1
144,1,2023-05-24,23.9,71.5,10
145,1,2023-05-25,25.7,77.2,13.5
146,1,2023-05-26,26.1,79.9,10.6
147,1,2023-05-27,24,74.8,12.4
148,1,2023-05-28,26,68.8,11.9
149,1,2023-05-29,24.4,77,12.4
150,1,2023-05-30,24.9,73.5,10.9
151,1,2023-05-31,25.9,77.9,11
152,1,2023-06-01,26.6,73.4,11.2
153,1,2023-06-02,25.9,71.9,11.4
154,1,2023-06-03,24.6,80.9,12
155,1,2023-06-04,25.2,75.6,11.9
156,1,2023-06-05,25.7,76.8,12.8
157,1,2023-06-06,25.4,73.3,11.7
158,1,2023-06-07,23.2,70.5,13.4
159,1,2023-06-08,28,74.3,12.6
160,1,2023-06-09,26.4,84.2,13.1
161,1,2023-06-10,25.8,72.1,10.4
162,1,2023-06-11,26.2,72.7,10.6
163,1,2023-06-12,25.2,71.8,13.7
164,1,2023-06-13,27.1,75,13.5
165,1,2023-06-14,26.1,72.4,13.5
166,1,2023-06-15,26.6,71.9,11.8
167,1,2023-06-16,24.9,70.9,12.9
168,1,2023-06-17,28.3,70.8,12.6
169,1,2023-06-18,25.2,73.5,11.4
170,1,2023-06-19,25,75.1,11.2
171,1,2023-06-20,26.3,74.8,11.8
172,1,2023-06-21,24.9,73.3,12.8
173,1,2023-06-22,26.6,72.1,12.1
174,1,2023-06-23,26.9,70,12.5
175,1,2023-06-24,25.2,76.7,11.2
176,1,2023-06-25,23.8,70.1,12
177,1,2023-06-26,26.3,72.3,12.6
178,1,2023-06-27,24,74.8,10.8
179,1,2023-06-28,25.2,75.1,11.1
180,1,2023-06-29,25.5,78,11.4
181,1,2023-06-30,27,71.6,12.5
182,1,2023-07-01,27.7,67.6,11.2
183,1,2023-07-02,26.7,74.4,12.4
184,1,2023-07-03,25.3,75.3,11.8
185,1,2023-07-04,27.4,75.8,12.3
186,1,2023-07-05,25.5,73.5,11.6
187,1,2023-07-06,26.5,73.7,12.3
188,1,2023-07-07,28.5,77.6,11.7
189,1,2023-07-08,27.4,73.8,10
190,1,2023-07-09,24.8,69.4,11.6
191,1,2023-07-10,26,80,12.3
192,1,2023-07-11,25.7,77.5,9.8
193,1,2023-07-12,26.3,77.3,10.5
194,1,2023-07-13,27.4,76,11.6
195,1,2023-07-14,26.8,81.8,12.2
196,1,2023-07-15,26.3,73.6,11.2
197,1,2023-07-16,27,72.4,12.1
198,1,2023-07-17,25.4,76.4,12.3
199,1,2023-07-18,27.2,73.5,11.7
200,1,2023-07-19,24.8,73.7,12.4
201,1,2023-07-20,26.9,72.2,12.9
202,1,2023-07-21,27.6,76.2,13.9
203,1,2023-07-22,25.1,71.3,10.2
204,1,2023-07-23,27.8,77,11.9
205,1,2023-07-24,26.3,71.6,14.4
206,1,2023-07-25,26.2,75.3,12.7
207,1,2023-07-26,26.6,75.7,11.2
208,1,2023-07-27,26.6,80.6,13.3
209,1,2023-07-28,27.9,73.5,11
210,1,2023-07-29,25.8,75.2,13.1
211,1,2023-07-30,24,79.6,11.8
212,1,2023-07-31,25.5,72,10.3
213,1,2023-08-01,27,75.2,10.7
214,1,2023-08-02,24.4,74,13.7
215,1,2023-08-03,25.7,70.5,11.8
216,1,2023-08-04,25.7,66.9,11.9
217,1,2023-08-05,25.7,77.1,13.8
218,1,2023-08-06,27.4,74.2,10.9
219,1,2023-08-07,29.1,75.2,12
220,1,2023-08-08,26,75.6,11.9
221,1,2023-08-09,25.3,73.4,12
222,1,2023-08-10,25.3,72.9,12.1
223,1,2023-08-11,25.7,79.5,9.3
224,1,2023-08-12,27.3,78.7,9.9
225,1,2023-08-13,25.6,73.9,10.6
226,1,2023-08-14,25.1,71.7,13.8
227,1,2023-08-15,27.1,78.8,12.7
228,1,2023-08-16,24.6,73.4,12.5
229,1,2023-08-17,24.5,77.1,11.8
230,1,2023-08-18,25.6,77.1,12.4
231,1,2023-08-19,25.6,78.5,10.9
232,1,2023-08-20,26.7,76.8,11.7
233,1,2023-08-21,26.4,71.2,12.9
234,1,2023-08-22,25.8,73.4,13
235,1,2023-08-23,25.2,70.8,10.4
236,1,2023-08-24,26.7,71.2,13.8
237,1,2023-08-25,23.5,80.1,12.2
238,1,2023-08-26,25.9,73.4,12.4
239,1,2023-08-27,26,78.3,12.1
240,1,2023-08-28,26.2,73.9,11.9
241,1,2023-08-29,26.4,69.9,10.7
242,1,2023-08-30,26.9,75.5,11.8
243,1,2023-08-31,26,76,11.5
244,1,2023-09-01,25.1,75.6,11
245,1,2023-09-02,26.5,69.9,13
246,1,2023-09-03,26.6,75.8,13
247,1,2023-09-04,28,78,10.2
248,1,2023-09-05,24.5,73.1,12
249,1,2023-09-06,26.6,72.8,12.2
250,1,2023-09-07,25.1,73.2,10.6
251,1,2023-09-08,24.9,70.9,11
252,1,2023-09-09,27.3,72.2,14.6
253,1,2023-09-10,26.6,75.6,11.1
254,1,2023-09-11,26.8,73.3,12.1
255,1,2023-09-12,29.1,74.7,13.1
256,1,2023-09-13,25.2,74.9,13.8
257,1,2023-09-14,25.2,80.4,12.7
258,1,2023-09-15,25.3,76.9,13
259,1,2023-09-16,26.7,70.3,11.3
260,1,2023-09-17,25.7,74.8,12.6
261,1,2023-09-18,26.2,71,12.4
262,1,2023-09-19,26.7,76.7,13.1
263,1,2023-09-20,27,76.4,11.9
264,1,2023-09-21,24,76.3,12.2
265,1,2023-09-22,26.3,71.2,10.9
266,1,2023-09-23,27.3,74.9,12.7
267,1,2023-09-24,26,75.1,12.9
268,1,2023-09-25,25.4,75.3,11.5
269,1,2023-09-26,25.5,74.1,12.2
270,1,2023-09-27,25.4,78.8,11.1
271,1,2023-09-28,25.8,73.7,13.4
272,1,2023-09-29,26.2,78.1,10.5
273,1,2023-09-30,26.3,77.7,12.1
274,1,2023-10-01,27.3,73.4,13.4
275,1,2023-10-02,28.8,73.9,11.6
276,1,2023-10-03,27.7,79.7,11.5
277,1,2023-10-04,25.5,74.2,10.7
278,1,2023-10-05,24.9,72,11.2
279,1,2023-10-06,26,75.7,13.6
280,1,2023-10-07,24.8,78,11.8
281,1,2023-10-08,25.9,77,10.9
282,1,2023-10-09,26.5,75.5,12.5
283,1,2023-10-10,26.3,82.4,11.4
284,1,2023-10-11,25.4,73.1,11.4
285,1,2023-10-12,25.2,78.6,13.4
286,1,2023-10-13,25.3,72.5,12.5
287,1,2023-10-14,25.3,76.9,12.2
288,1,2023-10-15,24.2,79.6,13.8
289,1,2023-10-16,25.3,73.8,12.3
290,1,2023-10-17,26.4,77,14
291,1,2023-10-18,25.8,72.6,10.6
292,1,2023-10-19,25.1,74.9,13.8
293,1,2023-10-20,25.4,75.7,12
294,1,2023-10-21,27.4,82.6,11.5
295,1,2023-10-22,25.4,78.1,12.7
296,1,2023-10-23,28.2,76.8,11.6
297,1,2023-10-24,26.7,78.3,12.8
298,1,2023-10-25,26.6,78.2,13.2
299,1,2023-10-26,27.7,76.9,11.8
300,1,2023-10-27,26.2,78.6,11.2
301,1,2023-10-28,26.4,73.8,12
302,1,2023-10-29,27.5,75.6,12
303,1,2023-10-30,24.4,77.2,12.6
304,1,2023-10-31,28.6,74.1,12.2
305,1,2023-11-01,26.3,79.7,11.9
306,1,2023-11-02,26.3,76.8,12.2
307,1,2023-11-03,25.5,75.6,13.1
308,1,2023-11-04,24.8,75.4,11.3
309,1,2023-11-05,27.4,70.4,11.4
310,1,2023-11-06,26.5,79.7,11.9
311,1,2023-11-07,25.3,80.6,10.6
312,1,2023-11-08,23.4,76.3,11.5
313,1,2023-11-09,24.8,77.1,12.2
314,1,2023-11-10,25.3,71.2,12.9
315,1,2023-11-11,26.8,74.7,13.8
316,1,2023-11-12,24.7,70.4,11.3
317,1,2023-11-13,25.9,75.7,11.8
318,1,2023-11-14,26.4,71.2,13.4
319,1,2023-11-15,25.9,78.4,12.3
320,1,2023-11-16,26.5,76.7,12.4
321,1,2023-11-17,26.8,79,12.2
322,1,2023-11-18,26.9,74.7,13.4
323,1,2023-11-19,25.2,80.4,12
324,1,2023-11-20,24.3,75.4,11.3
325,1,2023-11-21,27,73,11.6
326,1,2023-11-22,23.7,73.6,9.6
327,1,2023-11-23,24.1,77.3,12.8
328,1,2023-11-24,26.5,72.1,12
329,1,2023-11-25,26,71.5,13.5
330,1,2023-11-26,27.1,74.3,12
331,1,2023-11-27,26.3,68.9,11.8
332,1,2023-11-28,25.2,72,11.7
333,1,2023-11-29,28.2,76.9,11.4
334,1,2023-11-30,26.7,79.2,12.9
335,1,2023-12-01,26.1,73.1,12.7
336,1,2023-12-02,26.5,77.7,12.6
337,1,2023-12-03,27.3,73.4,13.3
338,1,2023-12-04,26.2,81.2,11.3
339,1,2023-12-05,28.1,75.6,11.3
340,1,2023-12-06,25.4,74,12.4
341,1,2023-12-07,26.6,73.3,12
342,1,2023-12-08,28.6,80.2,12.4
343,1,2023-12-09,26,75.4,12.6
344,1,2023-12-10,24.8,74.2,10.3
345,1,2023-12-11,26.5,76.9,11.5
346,1,2023-12-12,27.9,71.3,10.5
347,1,2023-12-13,26.3,78.1,13.7
348,1,2023-12-14,25.4,78.2,12
349,1,2023-12-15,25.8,77.7,12.7
350,1,2023-12-16,24.1,79.4,13.4
351,1,2023-12-17,25.2,76.2,12.5
352,1,2023-12-18,26.3,73.3,11.3
353,1,2023-12-19,26,78.5,12.5
354,1,2023-12-20,25.6,77.3,9.2
355,1,2023-12-21,27.4,69.8,11.6
356,1,2023-12-22,24.7,71.1,13.2
357,1,2023-12-23,25.4,76,12
358,1,2023-12-24,26.6,75.2,10.7
359,1,2023-12-25,27.2,73.5,10.4
360,1,2023-12-26,25.5,79.5,12.9
361,1,2023-12-27,25.6,74,11.7
362,1,2023-12-28,28.5,76.1,12.4
363,1,2023-12-29,27.2,75.7,11.7
364,1,2023-12-30,25.8,74.8,12
365,1,2023-12-31,26.9,75.2,12.7
366,1,2024-01-01,25.9,75.2,10
367,1,2024-01-02,27.1,76,13
368,1,2024-01-03,22.5,81.3,11.9
369,1,2024-01-04,27.3,71.9,12.6
370,1,2024-01-05,24.7,73.1,13.9
371,1,2024-01-06,25.8,75.7,12.9
372,1,2024-01-07,26.6,75.5,12.4
373,1,2024-01-08,28.9,74.8,12.2
374,1,2024-01-09,27.3,78.3,13.2
375,1,2024-01-10,26.8,71.6,13.6
376,1,2024-01-11,24.6,75.9,11.2
377,1,2024-01-12,25.9,76,12.3
378,1,2024-01-13,26.5,79.8,12.5
379,1,2024-01-14,25.7,77.9,13.2
380,1,2024-01-15,24.5,76.8,12.7
381,1,2024-01-16,25.6,79.1,11.8
382,1,2024-01-17,26.2,74.5,12
383,1,2024-01-18,24.7,70.7,13.6
384,1,2024-01-19,25,72,9.8
385,1,2024-01-20,25.2,71,13.6
386,1,2024-01-21,27.2,72.9,14.3
387,1,2024-01-22,27.2,74,9.5
388,1,2024-01-23,28.7,70.8,10.4
389,1,2024-01-24,27.2,82.3,13.4
390,1,2024-01-25,26.7,76.8,12.9
391,1,2024-01-26,26.9,75.8,12.1
392,1,2024-01-27,25.9,72.7,11.7
393,1,2024-01-28,24,74.7,11
394,1,2024-01-29,24.7,75.5,13.4
395,1,2024-01-30,27.1,70.3,11
396,1,2024-01-31,27.1,72.1,11.8
397,1,2024-02-01,26.7,72.1,12.1
398,1,2024-02-02,24.4,73.2,12.3
399,1,2024-02-03,24.1,76.3,12
400,1,2024-02-04,26.7,75.7,13.4
401,1,2024-02-05,26.2,73.7,12.1
402,1,2024-02-06,26.7,75.1,12
403,1,2024-02-07,25.2,73,10.6
404,1,2024-02-08,28.1,71.3,11.3
405,1,2024-02-09,25.1,77.7,11.7
406,1,2024-02-10,27.5,73,12.3
407,1,2024-02-11,25,81.4,10.8
408,1,2024-02-12,26.4,76.9,12.4
409,1,2024-02-13,25.8,74.6,12
410,1,2024-02-14,25.8,77.9,14.2
411,1,2024-02-15,25.3,70.9,11.9
412,1,2024-02-16,29.1,72.6,13.6
413,1,2024-02-17,28,73.3,12.6
414,1,2024-02-18,28,73.9,11.8
415,1,2024-02-19,25.3,72,11.4
416,1,2024-02-20,24.5,75.1,11.2
417,1,2024-02-21,26.3,70.3,12.3
418,1,2024-02-22,27,69,12.4
419,1,2024-02-23,27.5,71.4,13.7
420,1,2024-02-24,26.5,72.9,11.9
421,1,2024-02-25,26.7,75.2,12.5
422,1,2024-02-26,24.9,75.5,10.6
423,1,2024-02-27,25.9,72.3,11.3
424,1,2024-02-28,27.5,78.3,12.6
425,1,2024-02-29,24.7,74.1,13.2
426,1,2024-03-01,26.2,82,12.4
427,1,2024-03-02,26.2,74.1,12.1
428,1,2024-03-03,25.8,77.1,13
429,1,2024-03-04,25.1,71,10.2
430,1,2024-03-05,26.6,71.7,9.8
431,1,2024-03-06,26.5,82.5,12
432,1,2024-03-07,27,75.2,11.9
433,1,2024-03-08,27.1,74.1,12.3
434,1,2024-03-09,26.4,73,13
435,1,2024-03-10,25.8,72.7,12.5
436,1,2024-03-11,24.9,75.1,12
437,1,2024-03-12,27.3,76.4,12
438,1,2024-03-13,27,79.2,12.6
439,1,2024-03-14,26,71.1,10.9
440,1,2024-03-15,25.6,73.2,11.8
441,1,2024-03-16,26.1,76.6,11.9
442,1,2024-03-17,26.6,75.2,10
443,1,2024-03-18,24.9,74.6,10.8
444,1,2024-03-19,26.7,79.6,13.2
445,1,2024-03-20,25.7,79.5,12.1
446,1,2024-03-21,25.6,73.2,11.7
447,1,2024-03-22,25.5,75.5,12.2
448,1,2024-03-23,26,76.3,13.2
449,1,2024-03-24,27.1,70.5,9.4
450,1,2024-03-25,27.1,70.9,11.8
451,1,2024-03-26,24.6,69.6,12.5
452,1,2024-03-27,26.9,73.3,9.4
453,1,2024-03-28,25.3,76.2,10.5
454,1,2024-03-29,26.2,75,12.6
455,1,2024-03-30,26.1,72.1,13.2
456,1,2024-03-31,25.8,74.9,11.1
457,1,2024-04-01,25.5,72.3,11.8
458,1,2024-04-02,28.1,70.9,10.4
459,1,2024-04-03,27.8,74.4,11.3
460,1,2024-04-04,27.2,73.2,13.8
461,1,2024-04-05,26.8,73.5,14.2
462,1,2024-04-06,25.3,77.2,12.3
463,1,2024-04-07,27.6,79.7,12
464,1,2024-04-08,25.1,76.4,11.3
465,1,2024-04-09,28.4,75.4,11.6
466,1,2024-04-10,26.2,71,11
467,1,2024-04-11,27.4,73,11
468,1,2024-04-12,26.6,78.6,12.7
469,1,2024-04-13,27.2,72.7,10.6
470,1,2024-04-14,27.8,74,11.7
471,1,2024-04-15,27.6,76.7,12.5
472,1,2024-04-16,28.6,73.1,12.9
473,1,2024-04-17,26.1,75.8,13.5
474,1,2024-04-18,26.6,76.6,13.1
475,1,2024-04-19,25.6,72.5,11
476,1,2024-04-20,23.6,81.2,10.9
477,1,2024-04-21,25.7,74.2,12.3
478,1,2024-04-22,27,77.6,11.4
479,1,2024-04-23,25.8,75.8,11.8
480,1,2024-04-24,27.9,76.5,12.7
481,1,2024-04-25,26.8,78.5,12.2
482,1,2024-04-26,24.4,76.2,11.3
483,1,2024-04-27,25.4,76.8,13.2
484,1,2024-04-28,26,75.9,13.7
485,1,2024-04-29,26.3,82.8,12.6
486,1,2024-04-30,23.9,77.3,12.4
487,1,2024-05-01,27.5,77,11.9
488,1,2024-05-02,24.5,74.4,11.1
489,1,2024-05-03,25.3,76.8,13.7
490,1,2024-05-04,26.5,71.4,12.4
491,1,2024-05-05,27.4,73.2,11.9
492,1,2024-05-06,26,72.6,12.6
493,1,2024-05-07,25.9,76.3,11.1
494,1,2024-05-08,25.5,77.2,11.6
495,1,2024-05-09,28.1,73.8,12.2
496,1,2024-05-10,27.1,70.7,10.2
497,1,2024-05-11,24.2,78.8,11.4
498,1,2024-05-12,29.1,73.3,12.2
499,1,2024-05-13,27.9,81,14.1
500,1,2024-05-14,27.5,78.1,12.6
501,1,2024-05-15,26.9,73.3,11.2
502,1,2024-05-16,26,74.5,11.5
503,1,2024-05-17,26.8,77.9,12.1
504,1,2024-05-18,27.8,71.6,11.8
505,1,2024-05-19,25.1,69.4,11.9
506,1,2024-05-20,25.9,79.5,12.6
507,1,2024-05-21,24.8,80.6,13.2
508,1,2024-05-22,26.7,74.3,11
509,1,2024-05-23,25.6,78.3,13.9
510,1,2024-05-24,27.9,73.5,10.9
511,1,2024-05-25,26.2,69.7,12.3
512,1,2024-05-26,25.8,73.6,10.4
513,1,2024-05-27,26.6,73.4,10.8
514,1,2024-05-28,22.6,74.9,13.8
515,1,2024-05-29,28,73.6,11.4
516,1,2024-05-30,26.6,72,12.3
517,1,2024-05-31,26.9,78.7,11.9
518,1,2024-06-01,25.8,72.4,11.2
519,1,2024-06-02,25.7,76.1,12.9
520,1,2024-06-03,25,79.5,11.7
521,1,2024-06-04,26,72.8,9.6
522,1,2024-06-05,27.1,77.2,11.7
523,1,2024-06-06,26.1,76.5,10.4
524,1,2024-06-07,25.4,77.4,10.7
525,1,2024-06-08,26.4,70.9,12.5
526,1,2024-06-09,26,70.2,13.2
527,1,2024-06-10,25.1,72.6,12.2
528,1,2024-06-11,27.4,72,12.1
529,1,2024-06-12,26.5,77.1,12.2
530,1,2024-06-13,25.6,72.5,12.1
531,1,2024-06-14,24.7,66.2,12.4
532,1,2024-06-15,27.1,67.9,11
533,1,2024-06-16,26.7,81.2,12
534,1,2024-06-17,25.1,74.5,13.4
535,1,2024-06-18,25.2,72.6,11.5
536,1,2024-06-19,24.9,75.4,13.6
537,1,2024-06-20,26.4,74.2,11.7
538,1,2024-06-21,24.1,77.6,11.9
539,1,2024-06-22,25.8,84.6,12.3
540,1,2024-06-23,25.1,73.7,13.1
541,1,2024-06-24,26.1,70.7,12.9
542,1,2024-06-25,25.2,80.6,13.1
543,1,2024-06-26,25.5,78.8,12.1
544,1,2024-06-27,27,76.5,11.2
545,1,2024-06-28,25.2,78.1,11.7
546,1,2024-06-29,25.5,72.1,12.4
547,1,2024-06-30,28.5,71.8,12
548,1,2024-07-01,27.7,74.8,12.5
549,1,2024-07-02,24.7,76.3,11.8
550,1,2024-07-03,27.2,78.6,14.6
551,1,2024-07-04,26.7,76,12.2
552,1,2024-07-05,25.6,76,11.7
553,1,2024-07-06,26.2,79,11
554,1,2024-07-07,27.4,79,11.9
555,1,2024-07-08,23.5,73.2,13.3
556,1,2024-07-09,26,72,11.5
557,1,2024-07-10,27,76.6,11.8
558,1,2024-07-11,25.6,73.8,11.1
559,1,2024-07-12,27.9,74,13.2
560,1,2024-07-13,27.8,78,11.6
561,1,2024-07-14,26.5,74.9,11.1
562,1,2024-07-15,26.4,71.5,13.2
563,1,2024-07-16,25.4,75.6,12.3
564,1,2024-07-17,25.7,76.8,11.5
565,1,2024-07-18,27,71,12.1
566,1,2024-07-19,28.3,72,11.3
567,1,2024-07-20,26.6,75.5,12.4
568,1,2024-07-21,26.6,76.9,13.1
569,1,2024-07-22,26.5,74.3,12.7
570,1,2024-07-23,28.3,74.6,11
571,1,2024-07-24,27.3,74.6,9.8
572,1,2024-07-25,27,73.4,11.9
573,1,2024-07-26,26.4,75.6,12.7
574,1,2024-07-27,25.5,76.5,11.7
575,1,2024-07-28,26.9,76.8,11.1
576,1,2024-07-29,27.3,73.4,12.8
577,1,2024-07-30,26.4,80.5,11.8
578,1,2024-07-31,25.6,74.9,11.7
579,1,2024-08-01,27,70.2,10.9
580,1,2024-08-02,24.7,77.9,13.7
581,1,2024-08-03,25.9,74.5,12.1
582,1,2024-08-04,27.4,72.2,12.2
583,1,2024-08-05,27.2,76.5,12.2
584,1,2024-08-06,27.2,66.9,12.7
585,1,2024-08-07,25.2,69.5,12.5
586,1,2024-08-08,27.6,74.6,13
587,1,2024-08-09,27.9,78.9,13.6
588,1,2024-08-10,26.9,75.2,10.4
589,1,2024-08-11,25.7,72.5,14.2
590,1,2024-08-12,25.8,75.4,12.6
591,1,2024-08-13,26.1,80.1,11.4
592,1,2024-08-14,26.2,72.8,10.7
593,1,2024-08-15,25.3,74.9,11.6
594,1,2024-08-16,25.2,70.8,11.9
595,1,2024-08-17,24.2,77.3,12.1
596,1,2024-08-18,24.3,74.1,11.2
597,1,2024-08-19,26.4,79,10.1
598,1,2024-08-20,26.1,74.5,12.7
599,1,2024-08-21,26.3,72.7,11.7
600,1,2024-08-22,25,78.2,12
601,1,2024-08-23,28.3,74.8,11.3
602,1,2024-08-24,24.2,69.6,10.4
603,1,2024-08-25,26.3,76.5,10.4
604,1,2024-08-26,27.1,73.6,12.1
605,1,2024-08-27,27.9,77.7,11.7
606,1,2024-08-28,24.9,68.5,11.3
607,1,2024-08-29,25.7,72,11.9
608,1,2024-08-30,26.1,74.3,11.3
609,1,2024-08-31,26.2,76.3,10.9
610,1,2024-09-01,27.7,74.7,12
611,1,2024-09-02,26.8,75.7,13
612,1,2024-09-03,26.3,73.2,12.4
613,1,2024-09-04,24.6,75.3,12
614,1,2024-09-05,25.8,74.6,10.1
615,1,2024-09-06,25.3,75.3,12.2
616,1,2024-09-07,24.8,78.8,11.1
617,1,2024-09-08,27.2,76.3,11.4
618,1,2024-09-09,28.1,71.4,12.9
619,1,2024-09-10,27.2,73,13.4
620,1,2024-09-11,25.7,75.9,12.3
621,1,2024-09-12,25.8,77.4,12.8
622,1,2024-09-13,23.9,78.9,10.3
623,1,2024-09-14,27.2,78.4,10.9
624,1,2024-09-15,25.5,71.7,11.8
625,1,2024-09-16,25.6,77.3,13.3
626,1,2024-09-17,27.7,73.3,11.8
627,1,2024-09-18,24,72.6,13
628,1,2024-09-19,27.9,71.3,11.4
629,1,2024-09-20,26,75.8,11.2
630,1,2024-09-21,26.5,73.6,12
631,1,2024-09-22,26.7,75,11.6
632,1,2024-09-23,25.9,74.7,11.6
633,1,2024-09-24,25.7,79.8,12.6
634,1,2024-09-25,25.6,77.1,11.7
635,1,2024-09-26,27.4,76.1,11.9
636,1,2024-09-27,26.5,70.3,10.9
637,1,2024-09-28,24.6,75.4,13.7
638,1,2024-09-29,28.7,76.9,12.5
639,1,2024-09-30,23.8,73.4,11.2
640,1,2024-10-01,25.3,74.5,11.5
641,1,2024-10-02,23.6,77.2,10.9
642,1,2024-10-03,26.3,81.2,11.1
643,1,2024-10-04,23,74.1,13.1
644,1,2024-10-05,28.4,71.3,12.5
645,1,2024-10-06,25.4,74.7,14.6
646,1,2024-10-07,24.2,75.8,12.5
647,1,2024-10-08,27.3,75.3,12.3
648,1,2024-10-09,25.5,75.8,11.7
649,1,2024-10-10,26.7,73.9,12.4
650,1,2024-10-11,26,78.4,11.9
651,1,2024-10-12,23.9,78.8,11.1
652,1,2024-10-13,25.2,73.2,13.4
653,1,2024-10-14,23.4,84.4,13.1
654,1,2024-10-15,26.3,74.8,12.3
655,1,2024-10-16,26.6,76.9,12.6
656,1,2024-10-17,26.1,74.4,11.8
657,1,2024-10-18,25.8,78.4,12.6
658,1,2024-10-19,22.5,77,12.2
659,1,2024-10-20,26,73.8,13.1
660,1,2024-10-21,27.1,72.7,12.4
661,1,2024-10-22,24.8,70.9,11.4
662,1,2024-10-23,27,77.9,12.5
663,1,2024-10-24,26.9,76.5,11.4
664,1,2024-10-25,26.5,77.4,12.8
665,1,2024-10-26,27.4,77.1,12.4
666,1,2024-10-27,27.3,74.9,11.1
667,1,2024-10-28,25.8,72.8,11.3
668,1,2024-10-29,25.8,72.6,11.7
669,1,2024-10-30,23.7,75.6,12
670,1,2024-10-31,25,77,12.9
671,1,2024-11-01,24.1,72.7,11.2
672,1,2024-11-02,24.9,77.5,11.8
673,1,2024-11-03,25.7,69,12.6
674,1,2024-11-04,24.5,75.2,12.3
675,1,2024-11-05,27.6,71.1,9
676,1,2024-11-06,26.2,80.4,13.2
677,1,2024-11-07,26.3,73.5,12.8
678,1,2024-11-08,24.8,76.4,12.5
679,1,2024-11-09,27.3,83.3,12.4
680,1,2024-11-10,25.4,74.9,10.2
681,1,2024-11-11,25.2,73.8,11.5
682,1,2024-11-12,26.2,72.5,13.1
683,1,2024-11-13,26,75,11.7
684,1,2024-11-14,26.2,77.5,11.1
685,1,2024-11-15,25.2,74.1,10.7
686,1,2024-11-16,25,73.6,12.9
687,1,2024-11-17,26.3,75.6,12.9
688,1,2024-11-18,25.8,76.2,11.9
689,1,2024-11-19,26.3,73.3,9.6
690,1,2024-11-20,25.8,79.3,12.9
691,1,2024-11-21,27.2,78.7,12.1
692,1,2024-11-22,26.2,73.1,11.7
693,1,2024-11-23,26.7,78.6,11.9
694,1,2024-11-24,25.5,75,12.6
695,1,2024-11-25,24.3,68.1,11.4
696,1,2024-11-26,24.5,73.5,11.9
697,1,2024-11-27,25.5,79.4,12.3
698,1,2024-11-28,26.4,76.9,10.9
699,1,2024-11-29,27.2,74.8,12.7
700,1,2024-11-30,24.7,70.3,12.8
701,1,2024-12-01,26.5,72.3,11.1
702,1,2024-12-02,27.4,71.4,13.6
703,1,2024-12-03,24.9,76.9,11.7
704,1,2024-12-04,26.7,73.4,11.8
705,1,2024-12-05,26,72,12.7
706,1,2024-12-06,25.4,74.3,11
707,1,2024-12-07,22.9,74.4,14.4
708,1,2024-12-08,26.9,74.9,11.7
709,1,2024-12-09,26,76.6,10.8
710,1,2024-12-10,27.3,77.1,12.7
711,1,2024-12-11,26.5,75.1,12.7
712,1,2024-12-12,26.7,73.9,11.4
713,1,2024-12-13,26.1,79.6,10.8
714,1,2024-12-14,24.2,75.5,12.1
715,1,2024-12-15,26.2,75.7,11.8
716,1,2024-12-16,27.8,70.2,11.2
717,1,2024-12-17,25.9,70.1,11.8
718,1,2024-12-18,28,75.1,12.2
719,1,2024-12-19,24.5,73.2,11.6
720,1,2024-12-20,25.6,78.8,12.6
721,1,2024-12-21,24.7,75.7,12.5
722,1,2024-12-22,27.4,79.7,11
723,1,2024-12-23,25,71.2,11.8
724,1,2024-12-24,26.6,78,11.9
725,1,2024-12-25,25.6,75.5,11.2
726,1,2024-12-26,28.5,70.2,12.2
727,1,2024-12-27,28.4,75,11.8
728,1,2024-12-28,25.6,74.5,13.4
729,1,2024-12-29,23.3,79.6,10.6
730,1,2024-12-30,25.7,73.7,12.6
731,1,2024-12-31,24.1,76.4,14
732,2,2023-01-01,23.4,78.6,11.3
733,2,2023-01-02,25.5,78.1,11.4
734,2,2023-01-03,25.6,83.4,11.8
735,2,2023-01-04,25.9,74.1,11
736,2,2023-01-05,25.6,82.5,12.4
737,2,2023-01-06,24.6,78,10.7
738,2,2023-01-07,25.7,80.6,11.5
739,2,2023-01-08,24.4,78.8,11.6
740,2,2023-01-09,24.9,84.3,11.8
741,2,2023-01-10,24.6,76.1,12.7
742,2,2023-01-11,24.8,76.1,13.3
743,2,2023-01-12,26.7,76.2,10.1
744,2,2023-01-13,26.2,75.9,12.8
745,2,2023-01-14,22.6,80.7,10.8
746,2,2023-01-15,25.9,78,11
747,2,2023-01-16,24.5,80.1,12.1
748,2,2023-01-17,25.7,83.9,10.4
749,2,2023-01-18,26.9,78.3,11.1
750,2,2023-01-19,23.4,77.4,12.9
751,2,2023-01-20,24.8,82.5,10.5
752,2,2023-01-21,25,74.2,12.4
753,2,2023-01-22,26.1,76.7,9.4
754,2,2023-01-23,25.2,79.3,12.4
755,2,2023-01-24,26.5,74.8,12.7
756,2,2023-01-25,26.4,72.7,12.3
757,2,2023-01-26,24.4,77.8,12.3
758,2,2023-01-27,24.4,76,12
759,2,2023-01-28,23.7,74.7,12.7
760,2,2023-01-29,23.6,80,12.5
761,2,2023-01-30,22.9,76,13.2
762,2,2023-01-31,23.8,76.6,12.5
763,2,2023-02-01,25.9,77.2,11.4
764,2,2023-02-02,26.7,83.2,13
765,2,2023-02-03,25.1,75.6,11.2
766,2,2023-02-04,25.6,79.3,13.4
767,2,2023-02-05,25.8,73.5,13.1
768,2,2023-02-06,23.8,76.8,12.3
769,2,2023-02-07,27.4,87.3,12.6
770,2,2023-02-08,24.8,79.6,12.9
771,2,2023-02-09,24.6,83.4,12.2
772,2,2023-02-10,25.6,80,12.4
773,2,2023-02-11,26,76.1,11.4
774,2,2023-02-12,23.7,79.3,12.8
775,2,2023-02-13,25.5,83,12
776,2,2023-02-14,25.8,74.7,11.6
777,2,2023-02-15,25.8,80.5,11.7
778,2,2023-02-16,24.9,73.4,11.6
779,2,2023-02-17,26.1,79.7,12.5
780,2,2023-02-18,25.1,78,11.3
781,2,2023-02-19,25.8,79.3,12.5
782,2,2023-02-20,24.4,71.5,13.1
783,2,2023-02-21,24.4,75.4,12.7
784,2,2023-02-22,24.5,81.2,12.6
785,2,2023-02-23,25.8,73.9,13.2
786,2,2023-02-24,25.3,76.9,12.1
787,2,2023-02-25,22.9,79.2,11
788,2,2023-02-26,23.4,73.4,13.1
789,2,2023-02-27,24.2,82.6,11.5
790,2,2023-02-28,23,74.7,13.2
791,2,2023-03-01,24.8,76.4,12.2
792,2,2023-03-02,25.6,81.4,13.4
793,2,2023-03-03,24.6,74,11.6
794,2,2023-03-04,25.3,75.1,11
795,2,2023-03-05,25.4,77.9,12
796,2,2023-03-06,24.1,77.3,11.1
797,2,2023-03-07,26.1,81.1,10.2
798,2,2023-03-08,23.9,73.5,11.3
799,2,2023-03-09,24.9,73.7,11.1
800,2,2023-03-10,23.8,78.6,12.1
801,2,2023-03-11,24.1,78.5,11.5
802,2,2023-03-12,24.7,83,13.3
803,2,2023-03-13,23.4,80.5,12.8
804,2,2023-03-14,23.6,80.5,13.5
805,2,2023-03-15,23.7,75.2,13
806,2,2023-03-16,25.3,79.7,12.3
807,2,2023-03-17,25.5,74,13
808,2,2023-03-18,26.4,77.3,12
809,2,2023-03-19,23.2,79.5,12.6
810,2,2023-03-20,24.9,81.4,11.7
811,2,2023-03-21,25.7,74.9,12
812,2,2023-03-22,24.8,78.7,11.6
813,2,2023-03-23,24.8,80.5,11.6
814,2,2023-03-24,23.1,83.2,13.4
815,2,2023-03-25,23.4,80.1,11.5
816,2,2023-03-26,25.3,78.9,11.8
817,2,2023-03-27,24.1,75.9,11.1
818,2,2023-03-28,24,77.8,11.3
819,2,2023-03-29,25.8,82.5,11.4
820,2,2023-03-30,25.3,79.5,12.5
821,2,2023-03-31,25.1,80.2,12.5
822,2,2023-04-01,23.5,80.6,12.9
823,2,2023-04-02,24.1,78.1,12.7
824,2,2023-04-03,24.7,81.2,14.4
825,2,2023-04-04,24.1,73.9,12.3
826,2,2023-04-05,25.9,77.3,13.5
827,2,2023-04-06,23.4,80.1,11.4
828,2,2023-04-07,27.1,84,11.2
829,2,2023-04-08,24.3,80.6,11.6
830,2,2023-04-09,24.9,78.1,10.1
831,2,2023-04-10,25,75.9,11.5
832,2,2023-04-11,26.7,74.2,12.8
833,2,2023-04-12,24.7,77.2,12.8
834,2,2023-04-13,25.4,79.7,13
835,2,2023-04-14,24.6,76.2,10.9
836,2,2023-04-15,24,86.8,13.2
837,2,2023-04-16,23.4,74,12.5
838,2,2023-04-17,25.7,79.6,11.7
839,2,2023-04-18,24.8,79,12.1
840,2,2023-04-19,22.3,77.3,11.1
841,2,2023-04-20,25.2,87,12.4
842,2,2023-04-21,24.6,80.8,12.5
843,2,2023-04-22,25.5,79.8,14.1
844,2,2023-04-23,23.6,79.4,11.1
845,2,2023-04-24,25.7,75.2,11.6
846,2,2023-04-25,24.6,80.9,12.9
847,2,2023-04-26,23.5,78.2,11.3
848,2,2023-04-27,23.5,77.3,11.7
849,2,2023-04-28,27.9,79.3,10.6
850,2,2023-04-29,24.3,81.1,14.1
851,2,2023-04-30,23.1,72.4,13.9
852,2,2023-05-01,25.5,75.4,12.5
853,2,2023-05-02,21.8,78,12.3
854,2,2023-05-03,26.1,75,12.1
855,2,2023-05-04,23.9,78.8,11.1
856,2,2023-05-05,24.5,75,12.7
857,2,2023-05-06,26,77.3,12
858,2,2023-05-07,23.3,77.1,11.9
859,2,2023-05-08,28.1,74.7,13.5
860,2,2023-05-09,26.2,78.8,13.8
861,2,2023-05-10,25.4,79.2,11.9
862,2,2023-05-11,26.5,81.3,11.4
863,2,2023-05-12,23.4,77.4,11.2
864,2,2023-05-13,24.9,81.7,11.5
865,2,2023-05-14,24.9,78.2,12.8
866,2,2023-05-15,22.3,76.2,12.2
867,2,2023-05-16,26.4,76.5,10.1
868,2,2023-05-17,25.7,76.1,10.8
869,2,2023-05-18,24.3,77.4,11.4
870,2,2023-05-19,22.4,80.7,13.3
871,2,2023-05-20,25.8,74.6,11.8
872,2,2023-05-21,25,79.8,12.7
873,2,2023-05-22,24.1,78.2,12.5
874,2,2023-05-23,26.7,80.1,12.8
875,2,2023-05-24,25.1,82.2,12.4
876,2,2023-05-25,24,82.2,12.7
877,2,2023-05-26,24.5,76.6,12.3
878,2,2023-05-27,25.6,78.6,12.3
879,2,2023-05-28,27,81.2,12.2
880,2,2023-05-29,26.1,74.9,12.4
881,2,2023-05-30,27.2,77.3,11.2
882,2,2023-05-31,24.2,74.7,11.2
883,2,2023-06-01,24.6,73.8,12
884,2,2023-06-02,26.1,75.3,13.5
885,2,2023-06-03,25.6,81.1,11.3
886,2,2023-06-04,26,74.7,12.9
887,2,2023-06-05,25.2,79.7,10.8
888,2,2023-06-06,23.9,79.8,11.1
889,2,2023-06-07,25.6,73.9,12.8
890,2,2023-06-08,23.5,79.7,12.6
891,2,2023-06-09,24.2,79.7,12.3
892,2,2023-06-10,24.4,75,10
893,2,2023-06-11,25.4,73.3,12.1
894,2,2023-06-12,24.7,80,11.7
895,2,2023-06-13,24.6,80.2,12.3
896,2,2023-06-14,25.4,79.4,10.5
897,2,2023-06-15,25.9,79.8,11
898,2,2023-06-16,24.7,77.9,11.9
899,2,2023-06-17,25.4,82.3,13.1
900,2,2023-06-18,23.4,79.9,13.3
901,2,2023-06-19,25.5,81.3,14
902,2,2023-06-20,26.2,78.7,13
903,2,2023-06-21,25.2,78.1,11.6
904,2,2023-06-22,26.9,75.5,13.5
905,2,2023-06-23,25.6,73.8,12.4
906,2,2023-06-24,22.5,79.9,12.9
907,2,2023-06-25,24.3,78.4,14
908,2,2023-06-26,24.4,74.8,13.5
909,2,2023-06-27,27.4,78,13
910,2,2023-06-28,26.6,75.8,11.5
911,2,2023-06-29,26.5,83.1,12.6
912,2,2023-06-30,23.9,84,11.5
913,2,2023-07-01,24.6,79,13.6
914,2,2023-07-02,26,79.2,12.5
915,2,2023-07-03,25.1,79.7,9.5
916,2,2023-07-04,24.6,78.7,10.8
917,2,2023-07-05,25.5,77.4,13.8
918,2,2023-07-06,26.9,76.6,11.8
919,2,2023-07-07,24.9,76.6,12.2
920,2,2023-07-08,24.1,74.6,12.6
921,2,2023-07-09,25.8,75.6,12.9
922,2,2023-07-10,24.2,78.8,12.8
923,2,2023-07-11,25,79.4,11.5
924,2,2023-07-12,24.8,77.4,11.3
925,2,2023-07-13,24.8,73.4,11.5
926,2,2023-07-14,24.7,77.2,11.8
927,2,2023-07-15,24.9,79.4,12.9
928,2,2023-07-16,24.2,74.4,11
929,2,2023-07-17,24.4,76.9,11.2
930,2,2023-07-18,23.4,76.6,12.2
931,2,2023-07-19,25.7,76.3,11.6
932,2,2023-07-20,23.9,77.9,11.2
933,2,2023-07-21,25.7,72.6,11.6
934,2,2023-07-22,25.4,78.6,14.7
935,2,2023-07-23,25.4,75,11.9
936,2,2023-07-24,22.9,77.8,11.2
937,2,2023-07-25,26.1,76.4,11.9
938,2,2023-07-26,24.2,83.2,11.7
939,2,2023-07-27,27.2,80.4,12.5
940,2,2023-07-28,25.4,79.2,10.1
941,2,2023-07-29,24.7,80.5,12
942,2,2023-07-30,23.3,77.8,13.7
943,2,2023-07-31,26.5,77.8,13
944,2,2023-08-01,24.6,72.9,11.1
945,2,2023-08-02,26.9,77.2,11.8
946,2,2023-08-03,24.6,83.7,13.6
947,2,2023-08-04,27.7,77.5,12.3
948,2,2023-08-05,23.2,82.4,10.8
949,2,2023-08-06,25.3,74.7,11.4
950,2,2023-08-07,24,76.2,11.5
951,2,2023-08-08,24.3,80.5,10.9
952,2,2023-08-09,25.3,81.7,11.5
953,2,2023-08-10,24.1,77.3,13.2
954,2,2023-08-11,25.2,76.4,12.5
955,2,2023-08-12,23.7,80,12.4
956,2,2023-08-13,24.6,75.5,11.1
957,2,2023-08-14,25.6,81.7,11.4
958,2,2023-08-15,25.6,71.7,11.4
959,2,2023-08-16,25,75.3,11.1
960,2,2023-08-17,24.2,78.9,11.8
961,2,2023-08-18,22.3,71.6,11.4
962,2,2023-08-19,25.5,69.8,11.5
963,2,2023-08-20,24.4,82.2,11.6
964,2,2023-08-21,25.5,78.4,9.9
965,2,2023-08-22,25.9,78.6,12.5
966,2,2023-08-23,29.7,71.7,13.7
967,2,2023-08-24,24.7,78.9,12
968,2,2023-08-25,24.5,76.3,12.3
969,2,2023-08-26,23.2,80.3,11.6
970,2,2023-08-27,23.6,76.6,13.3
971,2,2023-08-28,24.4,79.1,11.3
972,2,2023-08-29,25.9,80.1,13.8
973,2,2023-08-30,24.8,80,12.1
974,2,2023-08-31,26.6,75.8,12.7
975,2,2023-09-01,24.8,77.8,12.1
976,2,2023-09-02,25.3,77.7,12.2
977,2,2023-09-03,26.9,81,12.9
978,2,2023-09-04,24.5,75.3,13
979,2,2023-09-05,26.1,82.4,11.4
980,2,2023-09-06,24.7,73.1,11.6
981,2,2023-09-07,26.2,76.6,12.6
982,2,2023-09-08,24.8,79,10.9
983,2,2023-09-09,25.1,69,11.8
984,2,2023-09-10,23,81.6,12.8
985,2,2023-09-11,25.6,82.6,11.1
986,2,2023-09-12,27.1,80.8,11.8
987,2,2023-09-13,26.4,74.7,11.2
988,2,2023-09-14,24.3,76.4,10.9
989,2,2023-09-15,26.5,77.2,12.4
990,2,2023-09-16,24.3,72.5,12.3
991,2,2023-09-17,22.7,77.8,10.6
992,2,2023-09-18,27.4,80.7,12.1
993,2,2023-09-19,26.5,75.5,12.5
994,2,2023-09-20,25.2,78.8,13.3
995,2,2023-09-21,25.9,78.9,10.3
996,2,2023-09-22,23.8,77.6,12.1
997,2,2023-09-23,23.6,85.2,13.5
998,2,2023-09-24,25.7,78.2,11.8
999,2,2023-09-25,23.9,78.2,12.3
1000,2,2023-09-26,23.5,79,11.8
1001,2,2023-09-27,22.7,75.4,11.6
1002,2,2023-09-28,27.3,79.7,10.7
1003,2,2023-09-29,25.6,73.4,13.1
1004,2,2023-09-30,24.4,77.7,13.3
1005,2,2023-10-01,23.5,73.8,11.4
1006,2,2023-10-02,26.2,73.4,9.2
1007,2,2023-10-03,24.5,79.7,13.2
1008,2,2023-10-04,24.4,76.8,13.2
1009,2,2023-10-05,22.8,76.8,12.2
1010,2,2023-10-06,25.5,76.5,12
1011,2,2023-10-07,22,76,12.5
1012,2,2023-10-08,23.8,78.2,12.4
1013,2,2023-10-09,24.6,78.5,11
1014,2,2023-10-10,24.8,79.8,12.2
1015,2,2023-10-11,24.3,78.7,12.7
1016,2,2023-10-12,22.5,81.5,11.7
1017,2,2023-10-13,25.5,81.6,10.6
1018,2,2023-10-14,24.1,77.1,11.2
1019,2,2023-10-15,27.1,75.4,11.4
1020,2,2023-10-16,25.2,74.4,11.6
1021,2,2023-10-17,25.4,77,11.9
1022,2,2023-10-18,24.4,73.5,12.3
1023,2,2023-10-19,27.1,78.1,12.2
1024,2,2023-10-20,25.8,74.2,13.7
1025,2,2023-10-21,25.2,82.9,11.3
1026,2,2023-10-22,27.2,80.3,12.6
1027,2,2023-10-23,25.3,77.3,13.2
1028,2,2023-10-24,25.2,72.1,10.9
1029,2,2023-10-25,24.8,78.9,11.9
1030,2,2023-10-26,26.5,72.1,12.1
1031,2,2023-10-27,22.8,80.3,11.9
1032,2,2023-10-28,25.5,75.4,13.3
1033,2,2023-10-29,26.3,79.8,11.9
1034,2,2023-10-30,25.7,75.9,12.9
1035,2,2023-10-31,27,81.2,11.3
1036,2,2023-11-01,25.4,74.1,12.6
1037,2,2023-11-02,25.5,72.4,10.8
1038,2,2023-11-03,24.7,77.1,10.8
1039,2,2023-11-04,25.5,78.8,11.8
1040,2,2023-11-05,24.1,81.1,13.7
1041,2,2023-11-06,24.4,76.2,12.5
1042,2,2023-11-07,24.6,77.6,12.7
1043,2,2023-11-08,22.7,82,12.1
1044,2,2023-11-09,24.5,77.7,12
1045,2,2023-11-10,22.9,82.5,12
1046,2,2023-11-11,25.5,80.9,11
1047,2,2023-11-12,25.6,77.2,12.8
1048,2,2023-11-13,22.4,77.7,11.4
1049,2,2023-11-14,25.5,79.4,11.3
1050,2,2023-11-15,24.1,77.7,11.1
1051,2,2023-11-16,26,76.9,9.1
1052,2,2023-11-17,24.6,74.9,10.4
1053,2,2023-11-18,23.5,78.3,13.3
1054,2,2023-11-19,25.4,76.2,12.5
1055,2,2023-11-20,24.4,75.9,10.8
1056,2,2023-11-21,22.9,76.8,12.2
1057,2,2023-11-22,24.9,76.8,11.1
1058,2,2023-11-23,25.7,74,12.8
1059,2,2023-11-24,23.8,75.7,10.5
1060,2,2023-11-25,24.4,80.9,12.5
1061,2,2023-11-26,26.2,79.6,10.9
1062,2,2023-11-27,24.6,75.7,13.3
1063,2,2023-11-28,23.6,80.7,12.9
1064,2,2023-11-29,27.2,76.8,12.7
1065,2,2023-11-30,27.7,76.1,10.5
1066,2,2023-12-01,22.7,80.1,10.1
1067,2,2023-12-02,24.6,79.3,12.2
1068,2,2023-12-03,25.5,78.7,13.3
1069,2,2023-12-04,23.9,76,11.2
1070,2,2023-12-05,26,80.7,12.5
1071,2,2023-12-06,26.4,74.5,13.7
1072,2,2023-12-07,26.8,80.2,13.8
1073,2,2023-12-08,23,76.4,11.3
1074,2,2023-12-09,25.9,74.8,12.8
1075,2,2023-12-10,26.6,80.1,12.3
1076,2,2023-12-11,23.8,75.5,13.2
1077,2,2023-12-12,25.9,77.9,11.6
1078,2,2023-12-13,22.6,74.8,13.9
1079,2,2023-12-14,23.5,78.6,13
1080,2,2023-12-15,23.5,78.6,12.9
1081,2,2023-12-16,25,86.6,10.3
1082,2,2023-12-17,26.3,77.5,12.8
1083,2,2023-12-18,25.5,75.8,12.2
1084,2,2023-12-19,22.8,79.8,12.3
1085,2,2023-12-20,25.8,81.2,12.4
1086,2,2023-12-21,25.2,75.4,11.3
1087,2,2023-12-22,26.4,82.3,11.8
1088,2,2023-12-23,25.1,75.3,13.2
1089,2,2023-12-24,25.8,83.8,11.1
1090,2,2023-12-25,24.5,78.7,12.6
1091,2,2023-12-26,24.7,75.4,12.9
1092,2,2023-12-27,25.9,75.3,13.4
1093,2,2023-12-28,26.4,78.4,12.1
1094,2,2023-12-29,25.7,75.4,12
1095,2,2023-12-30,22.4,80.6,10.4
1096,2,2023-12-31,26.8,77,11.8
1097,2,2024-01-01,24.2,77.1,13.4
1098,2,2024-01-02,22,81.8,12.3
1099,2,2024-01-03,23.6,74.8,13.7
1100,2,2024-01-04,23.9,74.5,13.1
1101,2,2024-01-05,25.4,75.2,12.2
1102,2,2024-01-06,23.8,81.3,13.1
1103,2,2024-01-07,25.6,79.1,13.8
1104,2,2024-01-08,25,74.5,12.4
1105,2,2024-01-09,27.5,75,11.6
1106,2,2024-01-10,25.5,77.8,11
1107,2,2024-01-11,26.3,85,12.2
1108,2,2024-01-12,23.9,73.4,12.3
1109,2,2024-01-13,26.3,79.4,12
1110,2,2024-01-14,24.3,74.7,12.8
1111,2,2024-01-15,26.1,73.4,13.6
1112,2,2024-01-16,25.7,82.2,10.7
1113,2,2024-01-17,23.4,77.6,12.5
1114,2,2024-01-18,27.2,80.1,11.8
1115,2,2024-01-19,23.8,81.7,11
1116,2,2024-01-20,27,77.1,13.6
1117,2,2024-01-21,25.8,77.6,11.5
1118,2,2024-01-22,24.6,79.3,12.1
1119,2,2024-01-23,24.3,77.5,12.1
1120,2,2024-01-24,22.4,79.4,11
1121,2,2024-01-25,23.6,72.9,10.2
1122,2,2024-01-26,23.4,75.9,14
1123,2,2024-01-27,24.4,78.5,12.4
1124,2,2024-01-28,25.2,77.8,10.8
1125,2,2024-01-29,26.7,83.4,10.3
1126,2,2024-01-30,23.8,77.2,11
1127,2,2024-01-31,25.6,75.8,14.2
1128,2,2024-02-01,26.4,78.6,13
1129,2,2024-02-02,26.3,76.3,11.2
1130,2,2024-02-03,25.1,80.6,12.1
1131,2,2024-02-04,23.1,75.6,11.9
1132,2,2024-02-05,24.9,83.9,10.6
1133,2,2024-02-06,25.6,82.5,14.3
1134,2,2024-02-07,24.5,79.5,12.6
1135,2,2024-02-08,25.2,77.7,12.4
1136,2,2024-02-09,22,80,12.1
1137,2,2024-02-10,24.7,84.1,11.3
1138,2,2024-02-11,24.5,84,11.2
1139,2,2024-02-12,24.3,77.6,12.8
1140,2,2024-02-13,25.2,74.1,11.5
1141,2,2024-02-14,24.3,77.8,12.4
1142,2,2024-02-15,25.5,72.7,13.1
1143,2,2024-02-16,25.3,82.2,12.4
1144,2,2024-02-17,26.3,79.4,13.3
1145,2,2024-02-18,25.6,77.7,14.3
1146,2,2024-02-19,26.1,79.7,10.7
1147,2,2024-02-20,23.5,78.9,12.1
1148,2,2024-02-21,24.3,78.4,13.6
1149,2,2024-02-22,25.8,74.6,11.9
1150,2,2024-02-23,24,76.8,11.6
1151,2,2024-02-24,24.4,74.2,11.9
1152,2,2024-02-25,24.3,69.2,14.1
1153,2,2024-02-26,26.3,76.9,12
1154,2,2024-02-27,23.6,83.1,13.9
1155,2,2024-02-28,25.2,81.1,12.2
1156,2,2024-02-29,23.4,76.8,12.1
1157,2,2024-03-01,24.5,77.3,11.9
1158,2,2024-03-02,24.9,78.2,10.9
1159,2,2024-03-03,24.1,74.1,13
1160,2,2024-03-04,22.5,81.5,13.4
1161,2,2024-03-05,24.6,70.2,11.6
1162,2,2024-03-06,24.9,75,11.5
1163,2,2024-03-07,26.8,80,11.1
1164,2,2024-03-08,23.1,77,11.8
1165,2,2024-03-09,25.6,76.4,12.5
1166,2,2024-03-10,27.3,80.4,12
1167,2,2024-03-11,24.8,76.9,13.2
1168,2,2024-03-12,24.2,78.1,12.1
1169,2,2024-03-13,24.4,73.9,12.3
1170,2,2024-03-14,24.9,79.5,11.5
1171,2,2024-03-15,26.5,75.4,13.7
1172,2,2024-03-16,22.9,79.3,12.5
1173,2,2024-03-17,24,79.3,13.3
1174,2,2024-03-18,22.3,79.5,9.5
1175,2,2024-03-19,23.8,82.9,11.4
1176,2,2024-03-20,23.6,77.4,14.1
1177,2,2024-03-21,22.8,74.8,13.5
1178,2,2024-03-22,27.2,77.7,10.8
1179,2,2024-03-23,27.5,82.8,12.7
1180,2,2024-03-24,24,77.9,11.8
1181,2,2024-03-25,25.4,82.4,12.9
1182,2,2024-03-26,23.7,82.1,12.3
1183,2,2024-03-27,25.8,82.4,10.9
1184,2,2024-03-28,25,76.4,10.4
1185,2,2024-03-29,25.4,85.5,10.2
1186,2,2024-03-30,25,79.9,12.1
1187,2,2024-03-31,24.9,74.1,12.2
1188,2,2024-04-01,24.1,71.4,13.2
1189,2,2024-04-02,26.2,78.2,12.2
1190,2,2024-04-03,26.3,78.7,12.9
1191,2,2024-04-04,24.6,81.9,12.3
1192,2,2024-04-05,25.2,74.2,12.3
1193,2,2024-04-06,24,76.1,11.2
1194,2,2024-04-07,23.7,84.4,13.3
1195,2,2024-04-08,27.3,74.3,12.1
1196,2,2024-04-09,23.4,75.9,11.1
1197,2,2024-04-10,26.5,76.8,13.1
1198,2,2024-04-11,25.7,84.9,10.5
1199,2,2024-04-12,26.5,81.4,11
1200,2,2024-04-13,26.2,79,11.8
1201,2,2024-04-14,24,75.8,14
1202,2,2024-04-15,25,80.3,11.2
1203,2,2024-04-16,24.1,81.2,10.7
1204,2,2024-04-17,24.5,78.1,12.1
1205,2,2024-04-18,24.8,79.2,12.7
1206,2,2024-04-19,25.9,75,11.7
1207,2,2024-04-20,26.4,80.7,10.6
1208,2,2024-04-21,25.4,72.1,12
1209,2,2024-04-22,27.3,75.2,11.2
1210,2,2024-04-23,25.9,73.4,11.4
1211,2,2024-04-24,25.7,76.1,11.8
1212,2,2024-04-25,25.9,79.3,12.3
1213,2,2024-04-26,24.6,79.1,11.9
1214,2,2024-04-27,25.5,76.5,11.8
1215,2,2024-04-28,23.8,77.9,11.2
1216,2,2024-04-29,23.7,78.8,12.2
1217,2,2024-04-30,25.9,76.7,12.4
1218,2,2024-05-01,25.7,79.3,11.2
1219,2,2024-05-02,25.2,79.1,12
1220,2,2024-05-03,22.5,78.5,14.2
1221,2,2024-05-04,24.6,75.8,12.4
1222,2,2024-05-05,25.4,81.6,10.7
1223,2,2024-05-06,25.9,79.8,11.9
1224,2,2024-05-07,25.4,81.1,12.9
1225,2,2024-05-08,23.6,80.5,11.9
1226,2,2024-05-09,25.1,78.2,11.8
1227,2,2024-05-10,26.4,77.7,10.9
1228,2,2024-05-11,24.5,78.5,13.2
1229,2,2024-05-12,25.7,75.4,14.5
1230,2,2024-05-13,25.3,81.8,11.8
1231,2,2024-05-14,25.6,80.5,13.2
1232,2,2024-05-15,26.3,80.6,11.7
1233,2,2024-05-16,24.3,79,12.9
1234,2,2024-05-17,24.7,81.2,13.5
1235,2,2024-05-18,23.9,75.5,11.9
1236,2,2024-05-19,25.4,76.4,13.4
1237,2,2024-05-20,25.5,78.1,10.6
1238,2,2024-05-21,23.4,78.8,9.9
1239,2,2024-05-22,26.2,77.5,15.2
1240,2,2024-05-23,27.8,77.5,11.9
1241,2,2024-05-24,26.2,83.1,10.4
1242,2,2024-05-25,22.9,76.1,12.6
1243,2,2024-05-26,25.6,81.2,10.8
1244,2,2024-05-27,22.2,80.6,11.2
1245,2,2024-05-28,22.6,78.4,12.8
1246,2,2024-05-29,24.9,76.6,11.8
1247,2,2024-05-30,24.6,74,11.3
1248,2,2024-05-31,25.6,79,12.2
1249,2,2024-06-01,23.8,77.5,9.8
1250,2,2024-06-02,25.2,82.3,10.5
1251,2,2024-06-03,24.3,79,13.3
1252,2,2024-06-04,24.5,75.9,10
1253,2,2024-06-05,25.1,84.1,12.3
1254,2,2024-06-06,25,79,12
1255,2,2024-06-07,24,80.5,12.2
1256,2,2024-06-08,25,75.1,13.3
1257,2,2024-06-09,25.8,76.3,13
1258,2,2024-06-10,24.4,75.7,11.2
1259,2,2024-06-11,22.9,79.4,10.2
1260,2,2024-06-12,23.5,71.8,11.9
1261,2,2024-06-13,24.8,77,11
1262,2,2024-06-14,23.6,79.4,11.4
1263,2,2024-06-15,25.4,75.3,12.2
1264,2,2024-06-16,26.6,79.8,11.6
1265,2,2024-06-17,25.3,77.3,12
1266,2,2024-06-18,24.6,77.5,12.2
1267,2,2024-06-19,23.8,75,10.6
1268,2,2024-06-20,23.1,74.3,12.2
1269,2,2024-06-21,23.9,79.5,12
1270,2,2024-06-22,22.6,80,12.8
1271,2,2024-06-23,23.8,79.3,11.1
1272,2,2024-06-24,25.1,74.2,10.2
1273,2,2024-06-25,24.5,77.6,11.6
1274,2,2024-06-26,23.6,76.8,12.3
1275,2,2024-06-27,24.9,78.5,11.3
1276,2,2024-06-28,26.4,74.5,12.5
1277,2,2024-06-29,26.4,79.4,11.8
1278,2,2024-06-30,24.4,81.1,10.6
1279,2,2024-07-01,23.8,76.8,13.2
1280,2,2024-07-02,25.5,75.1,11.7
1281,2,2024-07-03,24.3,75.9,13
1282,2,2024-07-04,23.4,82.8,12.8
1283,2,2024-07-05,26.3,76.6,11.9
1284,2,2024-07-06,23.3,76.4,12.5
1285,2,2024-07-07,26.6,74.7,11.6
1286,2,2024-07-08,24.8,73.8,12.6
1287,2,2024-07-09,24.1,77.4,11.5
1288,2,2024-07-10,24.1,78,11.8
1289,2,2024-07-11,24.6,75.8,12.3
1290,2,2024-07-12,27,78.4,13
1291,2,2024-07-13,23.3,78.5,10.9
1292,2,2024-07-14,23.2,75.8,13.2
1293,2,2024-07-15,26.1,78.7,10.5
1294,2,2024-07-16,24.8,78.9,12.2
1295,2,2024-07-17,22.8,75.3,11.9
1296,2,2024-07-18,25.6,71.4,11.8
1297,2,2024-07-19,25.2,80.5,12.7
1298,2,2024-07-20,25.7,75.6,10.1
1299,2,2024-07-21,24.5,81,13.4
1300,2,2024-07-22,25.9,79.3,12.4
1301,2,2024-07-23,24.3,77.6,13.7
1302,2,2024-07-24,23.9,82.8,11.7
1303,2,2024-07-25,26.6,73.8,12.6
1304,2,2024-07-26,24.1,73.8,12.2
1305,2,2024-07-27,26.2,75.5,10.5
1306,2,2024-07-28,24.9,77.7,12.5
1307,2,2024-07-29,26.1,77.8,13.9
1308,2,2024-07-30,25.3,77,10.4
1309,2,2024-07-31,24.7,77,13
1310,2,2024-08-01,25.6,74.5,12.2
1311,2,2024-08-02,25.8,82.6,12.9
1312,2,2024-08-03,25.9,78.2,12.4
1313,2,2024-08-04,26.5,74,11.7
1314,2,2024-08-05,24.1,79.1,13.2
1315,2,2024-08-06,24.3,70.8,11.6
1316,2,2024-08-07,26.1,79.6,12.4
1317,2,2024-08-08,24.7,74.2,12.5
1318,2,2024-08-09,24,84.6,12.6
1319,2,2024-08-10,24.3,76.2,11.9
1320,2,2024-08-11,24.7,81.4,12.2
1321,2,2024-08-12,24.1,83.7,12
1322,2,2024-08-13,25.9,76.2,12.4
1323,2,2024-08-14,25.4,72.3,14
1324,2,2024-08-15,26.5,76.8,10.9
1325,2,2024-08-16,25.4,78.3,12.4
1326,2,2024-08-17,25.2,79.5,13.4
1327,2,2024-08-18,25.7,74.9,13.4
1328,2,2024-08-19,27,87.5,10.9
1329,2,2024-08-20,25.3,71.8,12.6
1330,2,2024-08-21,24.3,83.8,11.2
1331,2,2024-08-22,23,76.6,10
1332,2,2024-08-23,25.9,71.8,12
1333,2,2024-08-24,22.5,77,13.6
1334,2,2024-08-25,25.4,75.4,12
1335,2,2024-08-26,25,79.4,10.6
1336,2,2024-08-27,25.7,69.9,11.4
1337,2,2024-08-28,24.4,79.9,12
1338,2,2024-08-29,23.3,75,12.2
1339,2,2024-08-30,24.9,76.3,11.5
1340,2,2024-08-31,25.8,76.4,11.9
1341,2,2024-09-01,27.6,73.7,10.1
1342,2,2024-09-02,25.9,76,11.7
1343,2,2024-09-03,24.1,77.2,13.6
1344,2,2024-09-04,26,80.6,10.6
1345,2,2024-09-05,23.6,69.5,11.2
1346,2,2024-09-06,26.1,79.6,11.8
1347,2,2024-09-07,25,75.9,12.2
1348,2,2024-09-08,25.9,73.2,12.3
1349,2,2024-09-09,26.1,76.8,12.7
1350,2,2024-09-10,28.4,77.7,12.4
1351,2,2024-09-11,24.1,78.5,12.5
1352,2,2024-09-12,25.2,74.9,12.2
1353,2,2024-09-13,26.8,79.3,13
1354,2,2024-09-14,24.7,80.2,12.3
1355,2,2024-09-15,23.9,79,11
1356,2,2024-09-16,24.2,78.6,12.3
1357,2,2024-09-17,23.6,81.2,12.6
1358,2,2024-09-18,24.2,73.4,11.9
1359,2,2024-09-19,24.5,78.3,11.6
1360,2,2024-09-20,22.6,76.8,11.7
1361,2,2024-09-21,25.8,75.9,13.7
1362,2,2024-09-22,22.7,81.9,11.8
1363,2,2024-09-23,26,78.2,13.1
1364,2,2024-09-24,24.5,74.7,13.4
1365,2,2024-09-25,24.9,78.7,13.2
1366,2,2024-09-26,23.8,79.8,11.4
1367,2,2024-09-27,24.8,78.2,10.5
1368,2,2024-09-28,24.1,82.1,12.9
1369,2,2024-09-29,24.9,78.7,11.7
1370,2,2024-09-30,26.6,77.4,12.2
1371,2,2024-10-01,26.4,75.7,13.6
1372,2,2024-10-02,23.2,82.9,11.6
1373,2,2024-10-03,24.7,72.3,11.5
1374,2,2024-10-04,23.8,76.2,11.9
1375,2,2024-10-05,26.1,78.6,12.3
1376,2,2024-10-06,23.7,75.4,13.8
1377,2,2024-10-07,24.1,83,11.8
1378,2,2024-10-08,25,81.2,13.3
1379,2,2024-10-09,24.9,76.8,11.9
1380,2,2024-10-10,25.4,80.7,12
1381,2,2024-10-11,25.7,82.9,12.4
1382,2,2024-10-12,25.4,73.4,9.4
1383,2,2024-10-13,25.5,77.7,11.5
1384,2,2024-10-14,25.3,77.8,13.1
1385,2,2024-10-15,25.1,75.8,13
1386,2,2024-10-16,24.7,79.6,11.5
1387,2,2024-10-17,24.2,78.3,12
1388,2,2024-10-18,25.6,77.2,10.2
1389,2,2024-10-19,24.5,80.4,11.7
1390,2,2024-10-20,24.7,81,11.3
1391,2,2024-10-21,23.1,77.5,11.5
1392,2,2024-10-22,23.8,77.5,12.5
1393,2,2024-10-23,25,78.9,13.8
1394,2,2024-10-24,24.6,78.8,11.5
1395,2,2024-10-25,24,76.2,11.5
1396,2,2024-10-26,25.4,85,11.3
1397,2,2024-10-27,24.5,77.8,12.4
1398,2,2024-10-28,25.3,81.9,9.6
1399,2,2024-10-29,22.1,76.5,13.1
1400,2,2024-10-30,23.1,69,12.6
1401,2,2024-10-31,25.3,74.7,11
1402,2,2024-11-01,23.8,78.3,11.4
1403,2,2024-11-02,25.6,69.4,11.1
1404,2,2024-11-03,23.6,77.2,11.5
1405,2,2024-11-04,26,72.4,12
1406,2,2024-11-05,25.7,83.6,11.5
1407,2,2024-11-06,25.4,72.6,9.6
1408,2,2024-11-07,26,78,13.2
1409,2,2024-11-08,23.4,79.6,13.9
1410,2,2024-11-09,25.5,78.8,12
1411,2,2024-11-10,23.1,82.1,11.4
1412,2,2024-11-11,25.6,73.3,10.8
1413,2,2024-11-12,26.7,77,13.5
1414,2,2024-11-13,24.9,72.5,12.9
1415,2,2024-11-14,24.3,80.1,12
1416,2,2024-11-15,23.1,78.5,14.2
1417,2,2024-11-16,25.6,77.8,13.1
1418,2,2024-11-17,25.3,78.6,10.9
1419,2,2024-11-18,25.3,81.1,11.2
1420,2,2024-11-19,26.7,77.7,11.1
1421,2,2024-11-20,26.2,77.1,12.8
1422,2,2024-11-21,24.6,77.8,12.5
1423,2,2024-11-22,25.3,72,10.9
1424,2,2024-11-23,26.1,77.6,11.5
1425,2,2024-11-24,23.4,74.8,10
1426,2,2024-11-25,24.9,76.2,11
1427,2,2024-11-26,24.9,79.1,14.1
1428,2,2024-11-27,23.2,81.5,13
1429,2,2024-11-28,24.1,78.6,11.5
1430,2,2024-11-29,25.2,82.5,12.6
1431,2,2024-11-30,25.6,76.7,10.5
1432,2,2024-12-01,24.7,81.6,10.5
1433,2,2024-12-02,23.7,78.4,11
1434,2,2024-12-03,24,76.7,10.6
1435,2,2024-12-04,23.8,80.1,10.7
1436,2,2024-12-05,23.1,76.1,12.7
1437,2,2024-12-06,24.8,76.6,12
1438,2,2024-12-07,22.9,79.5,12.4
1439,2,2024-12-08,24.5,81,10.9
1440,2,2024-12-09,26.4,78.5,11.7
1441,2,2024-12-10,25,77.7,13.2
1442,2,2024-12-11,23.7,75.7,13
1443,2,2024-12-12,24.3,80.7,13.7
1444,2,2024-12-13,24.5,80,10.8
1445,2,2024-12-14,25.9,78.6,12.5
1446,2,2024-12-15,24.2,73,12.5
1447,2,2024-12-16,22.5,77,12.9
1448,2,2024-12-17,25.2,83.8,13
1449,2,2024-12-18,24.2,78.1,12
1450,2,2024-12-19,23.1,75.2,11.4
1451,2,2024-12-20,22.6,78.1,11.8
1452,2,2024-12-21,23,79.2,12.7
1453,2,2024-12-22,25.3,77,12.6
1454,2,2024-12-23,25.8,78.9,11.2
1455,2,2024-12-24,25.3,81.6,11.4
1456,2,2024-12-25,27.5,76.4,12
1457,2,2024-12-26,24.2,78.7,10.3
1458,2,2024-12-27,24.3,74.7,12.1
1459,2,2024-12-28,26.2,79.9,9.6
1460,2,2024-12-29,27.5,78.9,11.2
1461,2,2024-12-30,25.2,78.5,11.3
1462,2,2024-12-31,25.2,76.2,11.6
1463,3,2023-01-01,25.2,73.7,11.1
1464,3,2023-01-02,26.7,79.5,11.8
1465,3,2023-01-03,26.4,76.4,11.8
1466,3,2023-01-04,24.4,75.3,10
1467,3,2023-01-05,27.3,80.8,11.5
1468,3,2023-01-06,27.3,75.4,11.3
1469,3,2023-01-07,25.8,80.5,10.9
1470,3,2023-01-08,25.5,79.6,11.9
1471,3,2023-01-09,25.2,77.8,9.9
1472,3,2023-01-10,23,78.6,11.6
1473,3,2023-01-11,26.3,72.2,10.6
1474,3,2023-01-12,23.3,82.1,9.9
1475,3,2023-01-13,27.5,80.8,10.1
1476,3,2023-01-14,24.6,79.1,10.2
1477,3,2023-01-15,26.1,76.6,9.2
1478,3,2023-01-16,23.3,78.7,10.4
1479,3,2023-01-17,25.3,80.1,12.2
1480,3,2023-01-18,25.7,77,11.5
1481,3,2023-01-19,24.4,78.7,11.6
1482,3,2023-01-20,26.8,72.2,10.2
1483,3,2023-01-21,24.9,78.3,11.5
1484,3,2023-01-22,27.8,76.5,10.5
1485,3,2023-01-23,27.4,78.9,12.3
1486,3,2023-01-24,26.3,74.5,9.7
1487,3,2023-01-25,24.1,80,12.2
1488,3,2023-01-26,28.2,80.5,12.2
1489,3,2023-01-27,25.3,74.5,11.9
1490,3,2023-01-28,26.5,78.3,11.4
1491,3,2023-01-29,26.4,81.9,12.3
1492,3,2023-01-30,26.7,80.5,11.5
1493,3,2023-01-31,25.4,80.3,9.6
1494,3,2023-02-01,27.3,74.4,11.3
1495,3,2023-02-02,25,79.7,11
1496,3,2023-02-03,24.1,79.3,10.4
1497,3,2023-02-04,27.1,78,11.4
1498,3,2023-02-05,24.9,76.2,10.5
1499,3,2023-02-06,27,83,10.2
1500,3,2023-02-07,27.3,71.5,9.8
1501,3,2023-02-08,24.8,73.9,9.4
1502,3,2023-02-09,26.5,77.4,11.4
1503,3,2023-02-10,26.8,78.8,11.7
1504,3,2023-02-11,25.9,74.4,12.1
1505,3,2023-02-12,25.3,75.2,10.8
1506,3,2023-02-13,24.9,76.7,11.3
1507,3,2023-02-14,26.4,75.3,10.5
1508,3,2023-02-15,27.3,79.5,13.1
1509,3,2023-02-16,27.4,81.4,9.6
1510,3,2023-02-17,26.9,77.8,10.4
1511,3,2023-02-18,26.2,80.8,11.5
1512,3,2023-02-19,24.9,80.2,10.4
1513,3,2023-02-20,26.3,77.1,10.8
1514,3,2023-02-21,26.9,74.9,12.9
1515,3,2023-02-22,23.8,76.2,11.4
1516,3,2023-02-23,26.7,77.7,10.9
1517,3,2023-02-24,26.5,77.3,12.4
1518,3,2023-02-25,27,80.6,10
1519,3,2023-02-26,25.9,77.1,10
1520,3,2023-02-27,26.4,76.4,11.7
1521,3,2023-02-28,24.7,83.2,10.1
1522,3,2023-03-01,26.3,80.4,10.4
1523,3,2023-03-02,27,74.3,12.5
1524,3,2023-03-03,26,76.2,10.7
1525,3,2023-03-04,27,76.2,10.3
1526,3,2023-03-05,25.7,74.5,12.8
1527,3,2023-03-06,25.3,80.5,11.2
1528,3,2023-03-07,24.8,78,11.8
1529,3,2023-03-08,25.8,81.6,12
1530,3,2023-03-09,27.1,76.6,9.9
1531,3,2023-03-10,25.3,78.6,11.5
1532,3,2023-03-11,23.4,78,11.2
1533,3,2023-03-12,25.7,81.9,11.4
1534,3,2023-03-13,27.6,77.4,11.9
1535,3,2023-03-14,28,81.9,9.9
1536,3,2023-03-15,25.7,77,11.5
1537,3,2023-03-16,26.8,75.5,11.1
1538,3,2023-03-17,23.6,82.3,10.5
1539,3,2023-03-18,26.1,77.1,12.1
1540,3,2023-03-19,22.6,78,10.9
1541,3,2023-03-20,25.5,83.2,10.1
1542,3,2023-03-21,26.9,79.1,12.3
1543,3,2023-03-22,25.2,75.8,12.1
1544,3,2023-03-23,26.5,73.4,10.5
1545,3,2023-03-24,26.5,80.5,10.3
1546,3,2023-03-25,22.5,79.6,9.8
1547,3,2023-03-26,23.6,69.5,11.8
1548,3,2023-03-27,26.2,77.3,12.4
1549,3,2023-03-28,26.8,82.8,9.6
1550,3,2023-03-29,26,73.1,10.8
1551,3,2023-03-30,25.7,79.9,11
1552,3,2023-03-31,26.7,80.1,13.2
1553,3,2023-04-01,25.6,75.2,11.2
1554,3,2023-04-02,25,82.4,10.7
1555,3,2023-04-03,25.3,76.6,11.7
1556,3,2023-04-04,25.8,76.1,12.7
1557,3,2023-04-05,25,78.1,11.7
1558,3,2023-04-06,24,79.4,9.9
1559,3,2023-04-07,27,75.1,11.7
1560,3,2023-04-08,27.3,80.6,11.3
1561,3,2023-04-09,25.7,76.3,12.5
1562,3,2023-04-10,25.2,74.9,11.7
1563,3,2023-04-11,25,75.1,9.6
1564,3,2023-04-12,25.4,77.8,11.2
1565,3,2023-04-13,27.1,79.6,10.8
1566,3,2023-04-14,25.8,79.5,12.3
1567,3,2023-04-15,26.2,76.6,10
1568,3,2023-04-16,24.3,80,11.6
1569,3,2023-04-17,26.7,77.6,12.4
1570,3,2023-04-18,25.4,80.9,11
1571,3,2023-04-19,25.3,79.8,11.4
1572,3,2023-04-20,26.4,78.2,11
1573,3,2023-04-21,28.9,81.6,11.7
1574,3,2023-04-22,26.1,81,11.5
1575,3,2023-04-23,26,77.1,10.9
1576,3,2023-04-24,22.2,78.6,10.5
1577,3,2023-04-25,27.9,78.1,9.8
1578,3,2023-04-26,25.9,74.9,11.5
1579,3,2023-04-27,26.3,80.9,10.2
1580,3,2023-04-28,26,73.9,11.7
1581,3,2023-04-29,26.6,79.5,11
1582,3,2023-04-30,26.5,82.8,10.7
1583,3,2023-05-01,26.2,74.7,10.1
1584,3,2023-05-02,26.1,81.3,10.7
1585,3,2023-05-03,25.7,76.8,10.5
1586,3,2023-05-04,26.4,73.5,12.3
1587,3,2023-05-05,25.2,80.2,9.7
1588,3,2023-05-06,26.8,80,11.4
1589,3,2023-05-07,24.8,78.7,9.8
1590,3,2023-05-08,25.7,81.1,11.8
1591,3,2023-05-09,26,75.1,11.6
1592,3,2023-05-10,26,71,11.8
1593,3,2023-05-11,26,81.6,9.9
1594,3,2023-05-12,22.2,78.8,11.3
1595,3,2023-05-13,24,75.1,13.8
1596,3,2023-05-14,25.6,80.2,10.3
1597,3,2023-05-15,23.5,77.5,10.7
1598,3,2023-05-16,25.5,77.7,11.3
1599,3,2023-05-17,25.8,74.2,11.5
1600,3,2023-05-18,23.7,71.8,11.7
1601,3,2023-05-19,26.6,77.8,9.6
1602,3,2023-05-20,25.2,77.2,9.4
1603,3,2023-05-21,25.1,80,12.4
1604,3,2023-05-22,25.5,80.3,9.1
1605,3,2023-05-23,26.8,75.6,11.3
1606,3,2023-05-24,25.7,82,10.1
1607,3,2023-05-25,26.8,77.2,10.8
1608,3,2023-05-26,25.8,75.5,11
1609,3,2023-05-27,25.9,78.7,11.1
1610,3,2023-05-28,27,80.8,9.9
1611,3,2023-05-29,27,74.4,11.6
1612,3,2023-05-30,26.7,72.3,11.1
1613,3,2023-05-31,25.4,75.7,12.4
1614,3,2023-06-01,25.2,75.6,11.1
1615,3,2023-06-02,26.8,77.6,12.2
1616,3,2023-06-03,26.6,71.5,10.5
1617,3,2023-06-04,25.3,79.4,8.4
1618,3,2023-06-05,29.1,79.6,11.1
1619,3,2023-06-06,27.4,85,11.9
1620,3,2023-06-07,27.1,78.4,10.9
1621,3,2023-06-08,25.4,75.5,10.3
1622,3,2023-06-09,24.4,77.8,9.3
1623,3,2023-06-10,26.2,77.9,11.1
1624,3,2023-06-11,25.4,87.2,12.4
1625,3,2023-06-12,24.5,78.7,10.4
1626,3,2023-06-13,24.8,74,11.4
1627,3,2023-06-14,25.2,80.9,12
1628,3,2023-06-15,27.6,75.4,11.5
1629,3,2023-06-16,26.8,76.6,10.2
1630,3,2023-06-17,27.9,78.7,11.6
1631,3,2023-06-18,25,74.3,10.4
1632,3,2023-06-19,25.9,74.8,11
1633,3,2023-06-20,24,74.6,11.7
1634,3,2023-06-21,26.7,76.8,10
1635,3,2023-06-22,24.8,76.9,11.6
1636,3,2023-06-23,27.1,76.5,9.8
1637,3,2023-06-24,26.3,75.5,10.5
1638,3,2023-06-25,27.6,80.5,11.2
1639,3,2023-06-26,24.5,78.6,12.1
1640,3,2023-06-27,25.5,82.1,12.3
1641,3,2023-06-28,28,78.9,11.6
1642,3,2023-06-29,27.7,79.3,10.5
1643,3,2023-06-30,25.5,78.7,9.7
1644,3,2023-07-01,25.8,81.3,8.8
1645,3,2023-07-02,27.8,81.4,10.5
1646,3,2023-07-03,26.7,78,12.2
1647,3,2023-07-04,27.2,73.8,11.6
1648,3,2023-07-05,25.8,78.2,10.3
1649,3,2023-07-06,28.1,81.1,10.3
1650,3,2023-07-07,24.4,76.8,11.4
1651,3,2023-07-08,26.3,81.8,11.8
1652,3,2023-07-09,27.2,79,9.6
1653,3,2023-07-10,25.8,81.2,10.9
1654,3,2023-07-11,26.6,77,10
1655,3,2023-07-12,25.9,78.9,10.3
1656,3,2023-07-13,25.7,75.2,12.1
1657,3,2023-07-14,25.6,82.4,12.5
1658,3,2023-07-15,25.9,75,8.9
1659,3,2023-07-16,24.2,73.9,12.4
1660,3,2023-07-17,26.1,79.2,8.8
1661,3,2023-07-18,24.6,80.7,11.3
1662,3,2023-07-19,25.8,79.7,12.6
1663,3,2023-07-20,25.7,78.2,11.2
1664,3,2023-07-21,28.9,71.7,11.7
1665,3,2023-07-22,25.9,79.7,10.3
1666,3,2023-07-23,25.9,80.1,14.1
1667,3,2023-07-24,27,75.5,10.6
1668,3,2023-07-25,25.5,72.6,10.7
1669,3,2023-07-26,26.9,74.2,12
1670,3,2023-07-27,26.6,75.8,10.9
1671,3,2023-07-28,27.9,80.2,11
1672,3,2023-07-29,25.7,78.2,10.5
1673,3,2023-07-30,23.5,84.1,11.2
1674,3,2023-07-31,26.5,77.8,10.3
1675,3,2023-08-01,25.8,73.2,13.3
1676,3,2023-08-02,24.5,74.9,10.6
1677,3,2023-08-03,27.5,78,9.8
1678,3,2023-08-04,27.5,80.2,11.5
1679,3,2023-08-05,26.9,85.2,13.2
1680,3,2023-08-06,25.2,82.9,11.4
1681,3,2023-08-07,26.6,72.9,10.8
1682,3,2023-08-08,25,80.5,12.1
1683,3,2023-08-09,23.5,77.9,12.1
1684,3,2023-08-10,25.8,80.2,11.4
1685,3,2023-08-11,26.4,77.2,9.8
1686,3,2023-08-12,24.7,80.1,11
1687,3,2023-08-13,25.8,76.7,10.7
1688,3,2023-08-14,27.3,77,9.7
1689,3,2023-08-15,26.9,77.4,11
1690,3,2023-08-16,27.9,77.9,11.3
1691,3,2023-08-17,24.6,77.3,11.6
1692,3,2023-08-18,24.1,78.6,11.1
1693,3,2023-08-19,26,81.1,11.3
1694,3,2023-08-20,27.8,75,11.1
1695,3,2023-08-21,26.1,74.8,12
1696,3,2023-08-22,28.8,77.9,11.5
1697,3,2023-08-23,26.1,75.9,9.2
1698,3,2023-08-24,25.2,73.8,12.7
1699,3,2023-08-25,25.9,77,11.9
1700,3,2023-08-26,24.7,75.7,11.1
1701,3,2023-08-27,27.2,79.5,11.2
1702,3,2023-08-28,26.1,79.2,11.2
1703,3,2023-08-29,24.8,78.1,9.9
1704,3,2023-08-30,26.1,76.6,13.5
1705,3,2023-08-31,26,73.8,10.9
1706,3,2023-09-01,26.6,83,10.4
1707,3,2023-09-02,24.1,80.5,9.6
1708,3,2023-09-03,25.5,77.2,10.9
1709,3,2023-09-04,26.8,75.9,10.7
1710,3,2023-09-05,26,78.4,11.1
1711,3,2023-09-06,26.5,80.5,11.4
1712,3,2023-09-07,26.5,73.3,11.1
1713,3,2023-09-08,26.6,80.2,10.3
1714,3,2023-09-09,25.2,76.3,11.5
1715,3,2023-09-10,27.2,76.8,11.9
1716,3,2023-09-11,26.1,77.6,10.8
1717,3,2023-09-12,26.9,79,13.3
1718,3,2023-09-13,25,79.6,10.5
1719,3,2023-09-14,25,78,11.1
1720,3,2023-09-15,29.5,77.4,9.9
1721,3,2023-09-16,26.3,71.8,10.9
1722,3,2023-09-17,26,80.4,12
1723,3,2023-09-18,25.4,77.5,10.2
1724,3,2023-09-19,24.6,78.9,9.7
1725,3,2023-09-20,25.5,75,11.5
1726,3,2023-09-21,28.2,74.1,9.1
1727,3,2023-09-22,25.9,78,11.2
1728,3,2023-09-23,25.5,77.4,11.4
1729,3,2023-09-24,27.2,72.1,10.6
1730,3,2023-09-25,26.3,75.2,12.7
1731,3,2023-09-26,25.2,77.9,11.6
1732,3,2023-09-27,25.3,72.5,10.6
1733,3,2023-09-28,27.2,77,10.2
1734,3,2023-09-29,27.1,77,10.5
1735,3,2023-09-30,26.2,80.3,13.4
1736,3,2023-10-01,27,81.5,10.5
1737,3,2023-10-02,24.8,78.2,11.1
1738,3,2023-10-03,24.7,77.5,11.4
1739,3,2023-10-04,26.4,79.5,11.3
1740,3,2023-10-05,25.4,76.5,9.8
1741,3,2023-10-06,28.1,78,10.8
1742,3,2023-10-07,24.9,86.8,9.9
1743,3,2023-10-08,25.5,79.2,11.6
1744,3,2023-10-09,27.1,83.4,11.5
1745,3,2023-10-10,24.7,77.2,11.3
1746,3,2023-10-11,28.5,73.8,12.2
1747,3,2023-10-12,26.2,80.5,10.9
1748,3,2023-10-13,25,80.3,11.7
1749,3,2023-10-14,27.2,78,10.4
1750,3,2023-10-15,24.1,80.5,11.4
1751,3,2023-10-16,24.8,76.4,10.5
1752,3,2023-10-17,24.2,75.5,9.9
1753,3,2023-10-18,25.5,75.8,9.4
1754,3,2023-10-19,28.4,81.8,10.2
1755,3,2023-10-20,26.3,79.3,12.2
1756,3,2023-10-21,25,81.3,10.5
1757,3,2023-10-22,24.4,80.2,12.3
1758,3,2023-10-23,29.1,74.4,11.7
1759,3,2023-10-24,25.5,80.4,9.5
1760,3,2023-10-25,24.5,75.7,11.1
1761,3,2023-10-26,25.2,80,12
1762,3,2023-10-27,26.7,82.9,11.4
1763,3,2023-10-28,24.5,82.1,10.4
1764,3,2023-10-29,27.1,82.7,11.5
1765,3,2023-10-30,24.2,75.2,12.3
1766,3,2023-10-31,25.8,78.2,11.8
1767,3,2023-11-01,26.8,78.8,10.8
1768,3,2023-11-02,25.6,80.6,11.6
1769,3,2023-11-03,25.7,81.2,10.9
1770,3,2023-11-04,25,75.7,10
1771,3,2023-11-05,25.7,81.7,10.2
1772,3,2023-11-06,26.2,76,10.7
1773,3,2023-11-07,24.2,77.3,10.8
1774,3,2023-11-08,26.6,78.7,9.8
1775,3,2023-11-09,27.3,78.6,11.2
1776,3,2023-11-10,26,76.4,11.2
1777,3,2023-11-11,26.6,72.8,10.5
1778,3,2023-11-12,25.7,78.8,12.2
1779,3,2023-11-13,25.1,76.5,10.5
1780,3,2023-11-14,25,77,11.8
1781,3,2023-11-15,24.7,79.3,9.3
1782,3,2023-11-16,25.3,77,12.7
1783,3,2023-11-17,25.7,71.4,9
1784,3,2023-11-18,26,79.8,11.4
1785,3,2023-11-19,26.2,81.5,10.5
1786,3,2023-11-20,27.1,73.1,10.1
1787,3,2023-11-21,23.8,77.2,11
1788,3,2023-11-22,26.1,78.2,10.1
1789,3,2023-11-23,25.8,73.5,12.4
1790,3,2023-11-24,25.6,76.5,12.6
1791,3,2023-11-25,24.5,74.6,9.9
1792,3,2023-11-26,25.9,79.3,11.7
1793,3,2023-11-27,29.1,71.3,11.6
1794,3,2023-11-28,25.3,76.2,10.4
1795,3,2023-11-29,24.9,83.1,11.8
1796,3,2023-11-30,26,82.1,9.5
1797,3,2023-12-01,24.4,71.5,10.3
1798,3,2023-12-02,26.2,78.3,11.1
1799,3,2023-12-03,24.3,80.4,11.2
1800,3,2023-12-04,26.9,72.3,11.3
1801,3,2023-12-05,24.6,76.8,11.5
1802,3,2023-12-06,26.1,75.4,11
1803,3,2023-12-07,24.2,81.5,10.8
1804,3,2023-12-08,27.3,76.4,10.5
1805,3,2023-12-09,25.1,80.6,10.3
1806,3,2023-12-10,26.8,76.9,9
1807,3,2023-12-11,25.3,74.5,11
1808,3,2023-12-12,24.6,80.8,10.9
1809,3,2023-12-13,25.8,80,12
1810,3,2023-12-14,26,75.7,9.2
1811,3,2023-12-15,25.2,76.1,11.1
1812,3,2023-12-16,25.6,80.1,10.4
1813,3,2023-12-17,25.9,81.6,11.3
1814,3,2023-12-18,25.9,76.2,10.4
1815,3,2023-12-19,25,76.4,11.8
1816,3,2023-12-20,25.7,74,12.8
1817,3,2023-12-21,26.4,73.8,10.6
1818,3,2023-12-22,26.1,83.1,9.9
1819,3,2023-12-23,27.2,82.2,10.4
1820,3,2023-12-24,25.7,74.9,10.8
1821,3,2023-12-25,26,80,12.1
1822,3,2023-12-26,25.1,72.1,11
1823,3,2023-12-27,26.4,78.7,10.7
1824,3,2023-12-28,26.1,82.5,11.4
1825,3,2023-12-29,25.6,76.5,10.8
1826,3,2023-12-30,28,77.5,11
1827,3,2023-12-31,25.4,81.3,13
1828,3,2024-01-01,26.5,78.2,11
1829,3,2024-01-02,23.1,80.2,11.1
1830,3,2024-01-03,26.5,75.9,10.6
1831,3,2024-01-04,25.5,81.1,10.6
1832,3,2024-01-05,28.5,79.3,9.7
1833,3,2024-01-06,25.8,76,8.8
1834,3,2024-01-07,27.9,80.1,11.5
1835,3,2024-01-08,26.2,73.9,10.5
1836,3,2024-01-09,27,74.8,8.5
1837,3,2024-01-10,25.7,77.6,11.1
1838,3,2024-01-11,26.9,79.9,11.3
1839,3,2024-01-12,27.4,73.4,11.5
1840,3,2024-01-13,26.8,74.3,9.5
1841,3,2024-01-14,25.1,76,11.8
1842,3,2024-01-15,25.3,75.4,10.4
1843,3,2024-01-16,27.3,78,10.8
1844,3,2024-01-17,25.9,81.9,10.3
1845,3,2024-01-18,27.6,78.6,10.8
1846,3,2024-01-19,29,74.8,10.6
1847,3,2024-01-20,24.5,80.9,12.7
1848,3,2024-01-21,28,81.7,10.8
1849,3,2024-01-22,25.6,73,13
1850,3,2024-01-23,26.6,76.5,12.3
1851,3,2024-01-24,24.8,79.2,10.8
1852,3,2024-01-25,26.8,77.8,9.5
1853,3,2024-01-26,26.1,81.1,11
1854,3,2024-01-27,26.9,74.9,11
1855,3,2024-01-28,25.3,80.2,11
1856,3,2024-01-29,26.8,81.3,11.7
1857,3,2024-01-30,26.3,75,11
1858,3,2024-01-31,25.4,77,10.6
1859,3,2024-02-01,24.8,72.1,10.3
1860,3,2024-02-02,26.2,74,11
1861,3,2024-02-03,28.3,81.1,12.6
1862,3,2024-02-04,26.5,81.5,10.3
1863,3,2024-02-05,25.2,69.8,12.2
1864,3,2024-02-06,27.8,76.3,10.7
1865,3,2024-02-07,25.1,79.1,12.1
1866,3,2024-02-08,23.9,79.2,10.7
1867,3,2024-02-09,26.1,79.4,10.8
1868,3,2024-02-10,25.9,77.4,12
1869,3,2024-02-11,26.5,78.7,9.7
1870,3,2024-02-12,25.5,80.7,11
1871,3,2024-02-13,26.8,83.3,12
1872,3,2024-02-14,26.1,76.5,8.4
1873,3,2024-02-15,25.8,77,11.4
1874,3,2024-02-16,25.8,77,9.2
1875,3,2024-02-17,24.9,79.4,12.7
1876,3,2024-02-18,25.9,79,12
1877,3,2024-02-19,25,79.1,10.3
1878,3,2024-02-20,27,78.5,11.3
1879,3,2024-02-21,25.1,80.1,13.1
1880,3,2024-02-22,24.8,77,11.2
1881,3,2024-02-23,26.9,76.3,8.2
1882,3,2024-02-24,27.6,80.3,9.3
1883,3,2024-02-25,25.3,82.7,12.4
1884,3,2024-02-26,27.1,77.5,11.1
1885,3,2024-02-27,25.8,81.4,10.1
1886,3,2024-02-28,25,81,11
1887,3,2024-02-29,27.7,76,10.9
1888,3,2024-03-01,24.9,78,9.5
1889,3,2024-03-02,25.4,73.7,11.7
1890,3,2024-03-03,26.9,72.8,12.3
1891,3,2024-03-04,29,78.1,10.4
1892,3,2024-03-05,29.4,74,11
1893,3,2024-03-06,26.2,82,11.4
1894,3,2024-03-07,25.4,75.1,10.7
1895,3,2024-03-08,24.8,78.1,10.4
1896,3,2024-03-09,24.2,81.8,10.5
1897,3,2024-03-10,24.5,77.5,11.1
1898,3,2024-03-11,23.9,79,10
1899,3,2024-03-12,28.1,79.6,10.6
1900,3,2024-03-13,25.1,77.7,11.6
1901,3,2024-03-14,26,77.3,11.1
1902,3,2024-03-15,25.3,77,8.9
1903,3,2024-03-16,27.2,78.9,10.2
1904,3,2024-03-17,28.3,78.3,10
1905,3,2024-03-18,27,79.2,11.4
1906,3,2024-03-19,25.5,79.4,10.7
1907,3,2024-03-20,26.7,72.3,10.6
1908,3,2024-03-21,28.1,75.7,10.4
1909,3,2024-03-22,25.5,74.4,8.8
1910,3,2024-03-23,25.7,78.4,10.9
1911,3,2024-03-24,25.8,78.1,12
1912,3,2024-03-25,25.8,76.3,10.7
1913,3,2024-03-26,26.7,82.2,10.4
1914,3,2024-03-27,26.1,79,10
1915,3,2024-03-28,26,73.6,9.2
1916,3,2024-03-29,26.4,76.8,11.2
1917,3,2024-03-30,26,75.1,11
1918,3,2024-03-31,24.5,82.2,9.6
1919,3,2024-04-01,25.8,74.9,11.6
1920,3,2024-04-02,25.6,76.4,11.9
1921,3,2024-04-03,26,79.5,10
1922,3,2024-04-04,24.3,78.3,10.7
1923,3,2024-04-05,26.8,77.8,11.2
1924,3,2024-04-06,24.1,83.7,10.8
1925,3,2024-04-07,26.8,75.5,11.3
1926,3,2024-04-08,24.4,79.4,10.6
1927,3,2024-04-09,26,80.1,9.8
1928,3,2024-04-10,25.2,79.4,13.1
1929,3,2024-04-11,25.8,79.8,10.9
1930,3,2024-04-12,28.3,72.8,11.1
1931,3,2024-04-13,24,70.5,11.3
1932,3,2024-04-14,26.2,77.1,10.9
1933,3,2024-04-15,29.7,77.2,11.5
1934,3,2024-04-16,25.2,78.9,10.8
1935,3,2024-04-17,25.5,83.5,12.2
1936,3,2024-04-18,26.2,71.1,10.6
1937,3,2024-04-19,29.2,77.3,12.1
1938,3,2024-04-20,27.7,78.7,10.2
1939,3,2024-04-21,23.1,80.1,10.2
1940,3,2024-04-22,26.2,74.3,10.7
1941,3,2024-04-23,26,78.8,9.9
1942,3,2024-04-24,27.4,76.2,9.3
1943,3,2024-04-25,25.9,78.1,11.2
1944,3,2024-04-26,27.6,77.3,10.9
1945,3,2024-04-27,24.7,80.5,11.2
1946,3,2024-04-28,25.5,72.3,12.4
1947,3,2024-04-29,24.5,76.2,11.4
1948,3,2024-04-30,24.6,73.5,8.9
1949,3,2024-05-01,26.9,76.4,13.9
1950,3,2024-05-02,24.8,75.2,10.4
1951,3,2024-05-03,26.3,76.6,11.6
1952,3,2024-05-04,24.8,73.9,9.2
1953,3,2024-05-05,23.3,76.4,10.7
1954,3,2024-05-06,25.2,81.7,12.2
1955,3,2024-05-07,25.6,72.6,10.4
1956,3,2024-05-08,25.3,76,10.3
1957,3,2024-05-09,25.2,76.8,10.4
1958,3,2024-05-10,26.2,79.1,10.1
1959,3,2024-05-11,27.5,75.1,9.4
1960,3,2024-05-12,26.5,75.5,11.3
1961,3,2024-05-13,23.1,82.2,11.7
1962,3,2024-05-14,24.2,73.6,12.7
1963,3,2024-05-15,25.1,75.5,8.7
1964,3,2024-05-16,25.6,77.3,11.7
1965,3,2024-05-17,24.3,73.4,11.5
1966,3,2024-05-18,27.2,73.3,12.1
1967,3,2024-05-19,26,81.3,10.9
1968,3,2024-05-20,23,77.5,12.1
1969,3,2024-05-21,24.9,76.8,10.8
1970,3,2024-05-22,22.5,83,10.1
1971,3,2024-05-23,26.6,77.7,12.3
1972,3,2024-05-24,26.5,77.3,10.1
1973,3,2024-05-25,27,72.4,11.6
1974,3,2024-05-26,24.7,81.8,11.2
1975,3,2024-05-27,26.8,78.2,9.2
1976,3,2024-05-28,25,80,11.2
1977,3,2024-05-29,27.4,79.2,10
1978,3,2024-05-30,25,78.3,8.7
1979,3,2024-05-31,28,79.3,12.2
1980,3,2024-06-01,24.1,81.7,13.2
1981,3,2024-06-02,24.4,80.3,11
1982,3,2024-06-03,24.1,79.5,11.8
1983,3,2024-06-04,25.3,81.5,9.3
1984,3,2024-06-05,24.2,78.4,11
1985,3,2024-06-06,25.1,80.4,11.5
1986,3,2024-06-07,27,77.6,11.6
1987,3,2024-06-08,25.5,84.2,10.2
1988,3,2024-06-09,28.5,78.1,9.6
1989,3,2024-06-10,27.6,78.4,11.9
1990,3,2024-06-11,27.5,79,10.4
1991,3,2024-06-12,27.2,78,11.7
1992,3,2024-06-13,23.4,79.3,10.4
1993,3,2024-06-14,28,79.9,11.2
1994,3,2024-06-15,26.6,75,12.6
1995,3,2024-06-16,28.4,79.2,12.6
1996,3,2024-06-17,25.3,75.6,11
1997,3,2024-06-18,26.5,76.8,11.5
1998,3,2024-06-19,26.4,75,11.5
1999,3,2024-06-20,27,78.5,12.2
2000,3,2024-06-21,24.5,79.4,9.8
2001,3,2024-06-22,24.7,76.1,10.1
2002,3,2024-06-23,25.3,77.4,11.8
2003,3,2024-06-24,25.6,73.2,12.1
2004,3,2024-06-25,25,77.8,11.4
2005,3,2024-06-26,26.2,81.3,11.5
2006,3,2024-06-27,25,84.5,11.2
2007,3,2024-06-28,25.8,80.9,11.2
2008,3,2024-06-29,26.5,85.5,10.7
2009,3,2024-06-30,25.6,78.3,12.1
2010,3,2024-07-01,24.2,72.1,10.4
2011,3,2024-07-02,24,76.7,11.5
2012,3,2024-07-03,24.9,73.7,11.1
2013,3,2024-07-04,27,72.9,11.8
2014,3,2024-07-05,27,80.9,12.2
2015,3,2024-07-06,28.6,76.9,11.1
2016,3,2024-07-07,25.5,78,12.5
2017,3,2024-07-08,24.4,75.4,12.4
2018,3,2024-07-09,27.2,76.9,11.9
2019,3,2024-07-10,26.4,82.5,11.1
2020,3,2024-07-11,27.2,85.9,11.6
2021,3,2024-07-12,26.1,80.2,10.6
2022,3,2024-07-13,28.9,78.5,10.7
2023,3,2024-07-14,25,81.3,11.9
2024,3,2024-07-15,25.4,79.7,9.5
2025,3,2024-07-16,26.2,79.4,12.7
2026,3,2024-07-17,25.1,74.2,10.1
2027,3,2024-07-18,24.4,82,12.5
2028,3,2024-07-19,26.4,81.7,11.1
2029,3,2024-07-20,25.9,77,10.7
2030,3,2024-07-21,24.1,78.8,11
2031,3,2024-07-22,26.9,78.3,10.8
2032,3,2024-07-23,25,78.2,11.7
2033,3,2024-07-24,24.6,78.3,11.2
2034,3,2024-07-25,25.1,76.2,11.2
2035,3,2024-07-26,24.6,79,10.1
2036,3,2024-07-27,27.3,85,10.1
2037,3,2024-07-28,26.6,75.8,12
2038,3,2024-07-29,24.5,79.4,10.1
2039,3,2024-07-30,25.8,74.9,11.8
2040,3,2024-07-31,25,79.7,10.7
2041,3,2024-08-01,25.9,78.4,10.2
2042,3,2024-08-02,26.3,82.6,10.2
2043,3,2024-08-03,27.4,82.5,10.2
2044,3,2024-08-04,24.3,78.9,10.5
2045,3,2024-08-05,28.2,78.1,10.2
2046,3,2024-08-06,24.6,81.3,10.4
2047,3,2024-08-07,26.1,80.9,10.5
2048,3,2024-08-08,25.9,78,11.7
2049,3,2024-08-09,26.7,77.3,11.1
2050,3,2024-08-10,25.6,73.6,11.3
2051,3,2024-08-11,28.3,75.3,10.2
2052,3,2024-08-12,25,80.2,11.4
2053,3,2024-08-13,25.8,75.2,11.1
2054,3,2024-08-14,24.1,78.4,11.9
2055,3,2024-08-15,24.5,73.4,12.6
2056,3,2024-08-16,25.3,81.4,10.8
2057,3,2024-08-17,25.8,79.3,10.1
2058,3,2024-08-18,26.2,76.9,9.7
2059,3,2024-08-19,26.4,77.2,10.8
2060,3,2024-08-20,24.5,82.8,11.9
2061,3,2024-08-21,27.2,77.1,9.3
2062,3,2024-08-22,28.3,77.8,10.3
2063,3,2024-08-23,26.5,81.5,11
2064,3,2024-08-24,27.5,81.2,9.9
2065,3,2024-08-25,25.2,80.9,8.3
2066,3,2024-08-26,25.8,73.7,10.5
2067,3,2024-08-27,25.6,76.9,10.4
2068,3,2024-08-28,24.7,84.9,12.9
2069,3,2024-08-29,24.6,82.7,10.6
2070,3,2024-08-30,26.2,77.8,10.3
2071,3,2024-08-31,27.2,78.4,10.5
2072,3,2024-09-01,24.4,75.3,9.4
2073,3,2024-09-02,26,74.4,10.7
2074,3,2024-09-03,27.6,81.6,11
2075,3,2024-09-04,25.9,83.6,11.5
2076,3,2024-09-05,25.6,73.7,11.4
2077,3,2024-09-06,27,76.1,11.3
2078,3,2024-09-07,25.6,77.4,8.5
2079,3,2024-09-08,25.7,80.9,10.4
2080,3,2024-09-09,26.1,75.7,11.4
2081,3,2024-09-10,25.7,75.2,12.3
2082,3,2024-09-11,27.1,76.2,11.5
2083,3,2024-09-12,26.6,79.9,9.3
2084,3,2024-09-13,27.2,76.3,10.6
2085,3,2024-09-14,29.2,78.9,10.6
2086,3,2024-09-15,23.4,82.2,9.7
2087,3,2024-09-16,24.8,77,12.4
2088,3,2024-09-17,26.9,77.5,11.3
2089,3,2024-09-18,25.3,78.4,11.1
2090,3,2024-09-19,27.2,80.9,11.5
2091,3,2024-09-20,25.6,80.2,10.9
2092,3,2024-09-21,24.7,76.8,11.1
2093,3,2024-09-22,27.1,77.4,9.8
2094,3,2024-09-23,26.1,78.3,11.2
2095,3,2024-09-24,27.1,81.1,10.4
2096,3,2024-09-25,25.3,74.9,11.7
2097,3,2024-09-26,27.7,77.1,10.8
2098,3,2024-09-27,27.8,79.5,11.4
2099,3,2024-09-28,24.6,80,10.1
2100,3,2024-09-29,24.6,77,10.4
2101,3,2024-09-30,25.7,73.7,12
2102,3,2024-10-01,27.4,72.2,12
2103,3,2024-10-02,25,80.6,10.9
2104,3,2024-10-03,26,77.4,12.2
2105,3,2024-10-04,24.5,79.8,12.1
2106,3,2024-10-05,26.9,85,10.5
2107,3,2024-10-06,27.1,77.7,12.2
2108,3,2024-10-07,26,76.8,12.3
2109,3,2024-10-08,25.4,73.8,10.5
2110,3,2024-10-09,26.7,82.2,11.1
2111,3,2024-10-10,27.6,73.9,10.6
2112,3,2024-10-11,25.7,77.7,11.1
2113,3,2024-10-12,26.8,76.7,11.1
2114,3,2024-10-13,25.9,75.2,10.9
2115,3,2024-10-14,25.8,77.5,11
2116,3,2024-10-15,26.1,76.7,12.3
2117,3,2024-10-16,24.6,75.8,13.8
2118,3,2024-10-17,24.8,73.9,11.7
2119,3,2024-10-18,23.5,77.3,13.1
2120,3,2024-10-19,24.1,72.1,9.5
2121,3,2024-10-20,27.1,81.4,10.5
2122,3,2024-10-21,26.8,82.2,12.8
2123,3,2024-10-22,25.7,71.1,10.2
2124,3,2024-10-23,25.5,77.2,10.8
2125,3,2024-10-24,27.3,81.8,10.8
2126,3,2024-10-25,27.3,79.1,11.1
2127,3,2024-10-26,27.1,78.2,13.1
2128,3,2024-10-27,24.3,76.5,10.9
2129,3,2024-10-28,26.5,81.8,11
2130,3,2024-10-29,24.3,80.5,11.8
2131,3,2024-10-30,23.7,78,9.4
2132,3,2024-10-31,25.2,75.3,11.8
2133,3,2024-11-01,26.1,74.1,11.9
2134,3,2024-11-02,24.3,79,10.2
2135,3,2024-11-03,25.6,79.5,11.5
2136,3,2024-11-04,27.6,77.8,11.3
2137,3,2024-11-05,25.5,78.5,11.4
2138,3,2024-11-06,25.9,72.6,11.3
2139,3,2024-11-07,26.4,76,9.7
2140,3,2024-11-08,27.8,79.5,10.8
2141,3,2024-11-09,24.6,75.5,12.3
2142,3,2024-11-10,26.2,76.3,11.5
2143,3,2024-11-11,25,82.5,12.4
2144,3,2024-11-12,25.4,76.1,8.4
2145,3,2024-11-13,24.2,74,11.1
2146,3,2024-11-14,25.6,74,10.7
2147,3,2024-11-15,26.6,79.6,9.1
2148,3,2024-11-16,25.8,73.8,11.9
2149,3,2024-11-17,26.9,75.3,10.2
2150,3,2024-11-18,25.4,71.2,11.3
2151,3,2024-11-19,25.7,80.9,9.9
2152,3,2024-11-20,25.3,73.5,10
2153,3,2024-11-21,24.6,81,10.3
2154,3,2024-11-22,26.1,76.9,9.7
2155,3,2024-11-23,25.8,79.8,9.8
2156,3,2024-11-24,27,75.5,10.5
2157,3,2024-11-25,26.6,76,11
2158,3,2024-11-26,25.6,78.4,8.6
2159,3,2024-11-27,23.8,79.8,12
2160,3,2024-11-28,24.9,77.3,11.3
2161,3,2024-11-29,26.8,71.9,10.1
2162,3,2024-11-30,25.6,80.1,13.5
2163,3,2024-12-01,25.7,73.8,11.4
2164,3,2024-12-02,27.6,78.3,10.1
2165,3,2024-12-03,27.1,80,10
2166,3,2024-12-04,26.5,81,12.2
2167,3,2024-12-05,25.9,76.9,12.2
2168,3,2024-12-06,24.5,79.3,9.6
2169,3,2024-12-07,27.3,77.2,12.3
2170,3,2024-12-08,26.6,74.3,12.4
2171,3,2024-12-09,27.9,80.6,10.2
2172,3,2024-12-10,25.6,78.4,10.3
2173,3,2024-12-11,28,78.4,8.3
2174,3,2024-12-12,26.4,77,10.9
2175,3,2024-12-13,25.6,80.4,12.1
2176,3,2024-12-14,26.3,77,11
2177,3,2024-12-15,26,75.6,11.6
2178,3,2024-12-16,26.6,82.6,12.3
2179,3,2024-12-17,25.2,80.5,10
2180,3,2024-12-18,26.8,76.5,10
2181,3,2024-12-19,26.3,70,9.2
2182,3,2024-12-20,25.8,78.2,10.6
2183,3,2024-12-21,24.1,75.5,11.4
2184,3,2024-12-22,26.7,78,12.2
2185,3,2024-12-23,26.5,75.8,10.7
2186,3,2024-12-24,24.3,77.7,12.1
2187,3,2024-12-25,26.8,82.2,10.7
2188,3,2024-12-26,27.6,77.4,12.5
2189,3,2024-12-27,26,80.1,12.5
2190,3,2024-12-28,25.8,78.7,12.3
2191,3,2024-12-29,25.8,74,13.1
2192,3,2024-12-30,25.4,78.5,12.2
2193,3,2024-12-31,25.3,75,11.3
